--
-- PostgreSQL database dump
--

-- Dumped from database version 14.13 (Ubuntu 14.13-0ubuntu0.22.04.1)
-- Dumped by pg_dump version 14.13 (Ubuntu 14.13-0ubuntu0.22.04.1)

SET statement_timeout = 0;
SET lock_timeout = 0;
SET idle_in_transaction_session_timeout = 0;
SET client_encoding = 'UTF8';
SET standard_conforming_strings = on;
SELECT pg_catalog.set_config('search_path', '', false);
SET check_function_bodies = false;
SET xmloption = content;
SET client_min_messages = warning;
SET row_security = off;

SET default_tablespace = '';

SET default_table_access_method = heap;

--
-- Name: addresses; Type: TABLE; Schema: public; Owner: postgres
--

CREATE TABLE IF NOT EXISTS public.addresses (
    id bigint NOT NULL,
    street text,
    city text,
    contact_id bigint,
    created_at timestamp with time zone,
    updated_at timestamp with time zone
);


ALTER TABLE public.addresses OWNER TO postgres;

--
-- Name: addresses_id_seq; Type: SEQUENCE; Schema: public; Owner: postgres
--

CREATE SEQUENCE public.addresses_id_seq
    START WITH 1
    INCREMENT BY 1
    NO MINVALUE
    NO MAXVALUE
    CACHE 1;


ALTER TABLE public.addresses_id_seq OWNER TO postgres;

--
-- Name: addresses_id_seq; Type: SEQUENCE OWNED BY; Schema: public; Owner: postgres
--

ALTER SEQUENCE public.addresses_id_seq OWNED BY public.addresses.id;


--
-- Name: ar_internal_metadata; Type: TABLE; Schema: public; Owner: postgres
--

CREATE TABLE IF NOT EXISTS public.ar_internal_metadata (
    key text NOT NULL,
    value text,
    created_at timestamp with time zone,
    updated_at timestamp with time zone
);


ALTER TABLE public.ar_internal_metadata OWNER TO postgres;

--
-- Name: contacts; Type: TABLE; Schema: public; Owner: postgres
--

CREATE TABLE IF NOT EXISTS public.contacts (
    id bigint NOT NULL,
    name text,
    email text,
    birthdate date,
    created_at timestamp with time zone,
    updated_at timestamp with time zone,
    kind_id bigint
);


ALTER TABLE public.contacts OWNER TO postgres;

--
-- Name: contacts_id_seq; Type: SEQUENCE; Schema: public; Owner: postgres
--

CREATE SEQUENCE public.contacts_id_seq
    START WITH 1
    INCREMENT BY 1
    NO MINVALUE
    NO MAXVALUE
    CACHE 1;


ALTER TABLE public.contacts_id_seq OWNER TO postgres;

--
-- Name: contacts_id_seq; Type: SEQUENCE OWNED BY; Schema: public; Owner: postgres
--

ALTER SEQUENCE public.contacts_id_seq OWNED BY public.contacts.id;


--
-- Name: kinds; Type: TABLE; Schema: public; Owner: postgres
--

CREATE TABLE IF NOT EXISTS public.kinds (
    id bigint NOT NULL,
    description text,
    created_at timestamp with time zone,
    updated_at timestamp with time zone
);


ALTER TABLE public.kinds OWNER TO postgres;

--
-- Name: kinds_id_seq; Type: SEQUENCE; Schema: public; Owner: postgres
--

CREATE SEQUENCE IF NOT EXISTS public.kinds_id_seq
    START WITH 1
    INCREMENT BY 1
    NO MINVALUE
    NO MAXVALUE
    CACHE 1;


ALTER TABLE public.kinds_id_seq OWNER TO postgres;

--
-- Name: kinds_id_seq; Type: SEQUENCE OWNED BY; Schema: public; Owner: postgres
--

ALTER SEQUENCE public.kinds_id_seq OWNED BY public.kinds.id;


--
-- Name: phones; Type: TABLE; Schema: public; Owner: postgres
--

CREATE TABLE IF NOT EXISTS public.phones (
    id bigint NOT NULL,
    number text,
    contact_id bigint,
    created_at timestamp with time zone,
    updated_at timestamp with time zone
);


ALTER TABLE public.phones OWNER TO postgres;

--
-- Name: phones_id_seq; Type: SEQUENCE; Schema: public; Owner: postgres
--

CREATE SEQUENCE public.phones_id_seq
    START WITH 1
    INCREMENT BY 1
    NO MINVALUE
    NO MAXVALUE
    CACHE 1;


ALTER TABLE public.phones_id_seq OWNER TO postgres;

--
-- Name: phones_id_seq; Type: SEQUENCE OWNED BY; Schema: public; Owner: postgres
--

ALTER SEQUENCE public.phones_id_seq OWNED BY public.phones.id;


--
-- Name: schema_migrations; Type: TABLE; Schema: public; Owner: postgres
--

CREATE TABLE IF NOT EXISTS public.schema_migrations (
    version text NOT NULL
);


ALTER TABLE public.schema_migrations OWNER TO postgres;

--
-- Name: addresses id; Type: DEFAULT; Schema: public; Owner: postgres
--

ALTER TABLE ONLY public.addresses ALTER COLUMN id SET DEFAULT nextval('public.addresses_id_seq'::regclass);


--
-- Name: contacts id; Type: DEFAULT; Schema: public; Owner: postgres
--

ALTER TABLE ONLY public.contacts ALTER COLUMN id SET DEFAULT nextval('public.contacts_id_seq'::regclass);


--
-- Name: kinds id; Type: DEFAULT; Schema: public; Owner: postgres
--

ALTER TABLE ONLY public.kinds ALTER COLUMN id SET DEFAULT nextval('public.kinds_id_seq'::regclass);


--
-- Name: phones id; Type: DEFAULT; Schema: public; Owner: postgres
--

ALTER TABLE ONLY public.phones ALTER COLUMN id SET DEFAULT nextval('public.phones_id_seq'::regclass);


--
-- Data for Name: addresses; Type: TABLE DATA; Schema: public; Owner: postgres
--

COPY public.addresses (id, street, city, contact_id, created_at, updated_at) FROM stdin;
1	702 Alameda Luiz Felipe	Laranjal do Jari	1	2024-10-05 01:14:56.154382-03	2024-10-05 01:14:56.154382-03
2	7269 Rodovia Laura	General Câmara	2	2024-10-05 01:14:56.158132-03	2024-10-05 01:14:56.158132-03
3	2579 Rua Carlos	Condado	3	2024-10-05 01:14:56.160994-03	2024-10-05 01:14:56.160994-03
4	82007 Viela Gúbio	Ocauçu	4	2024-10-05 01:14:56.163919-03	2024-10-05 01:14:56.163919-03
5	s/n Viela João Samuel	Garça	5	2024-10-05 01:14:56.166761-03	2024-10-05 01:14:56.166761-03
6	49678 Marginal Aurora da Madureira	Faxinalzinho	6	2024-10-05 01:14:56.169679-03	2024-10-05 01:14:56.169679-03
7	5644 Viela Ana Beatriz	Maracaçumé	7	2024-10-05 01:14:56.172556-03	2024-10-05 01:14:56.172556-03
8	713 Rua Júlio	Governador Edison Lobão	8	2024-10-05 01:14:56.175275-03	2024-10-05 01:14:56.175275-03
9	22651 Alameda Larissa Pimenta	Dourado	9	2024-10-05 01:14:56.178053-03	2024-10-05 01:14:56.178053-03
10	1297 Rodovia Yasmin	Crateús	10	2024-10-05 01:14:56.186376-03	2024-10-05 01:14:56.186376-03
11	530 Travessa Emanuelly	São Raimundo do Doca Bezerra	11	2024-10-05 01:14:56.189002-03	2024-10-05 01:14:56.189002-03
12	841 Marginal Sophie Henriques	Taquaraçu de Minas	12	2024-10-05 01:14:56.191675-03	2024-10-05 01:14:56.191675-03
13	64643 Rodovia Carolina	Iporã	13	2024-10-05 01:14:56.196347-03	2024-10-05 01:14:56.196347-03
14	1538 Avenida Joana Pimenta	Formigueiro	14	2024-10-05 01:14:56.199054-03	2024-10-05 01:14:56.199054-03
15	41973 Avenida Sara	Guapimirim	15	2024-10-05 01:14:56.201725-03	2024-10-05 01:14:56.201725-03
16	71558 Marginal Carlos Eduardo Ramires	Baía Formosa	16	2024-10-05 01:14:56.205839-03	2024-10-05 01:14:56.205839-03
17	97844 Viela Lorenzo Moreira	Nossa Senhora das Graças	17	2024-10-05 01:14:56.209978-03	2024-10-05 01:14:56.209978-03
18	8439 Marginal Cecília Siqueiro	Manicoré	18	2024-10-05 01:14:56.213386-03	2024-10-05 01:14:56.213386-03
19	s/n Marginal Raul	Iramaia	19	2024-10-05 01:14:56.217608-03	2024-10-05 01:14:56.217608-03
20	8522 Rua Ígor Longuinho	Ilha Grande	20	2024-10-05 01:14:56.22104-03	2024-10-05 01:14:56.22104-03
21	7073 Avenida Mércia da Luz	Ribeirão Pires	21	2024-10-05 01:14:56.224356-03	2024-10-05 01:14:56.224356-03
22	s/n Travessa Dalila	Jati	22	2024-10-05 01:14:56.22771-03	2024-10-05 01:14:56.22771-03
23	67024 Rodovia Manuela Coutinho	Santa Margarida	23	2024-10-05 01:14:56.231755-03	2024-10-05 01:14:56.231755-03
24	18256 Alameda Roberta Rocha	Trombas	24	2024-10-05 01:14:56.235154-03	2024-10-05 01:14:56.235154-03
25	3129 Viela Antonella Jesus	Santo Antônio do Jacinto	25	2024-10-05 01:14:56.238533-03	2024-10-05 01:14:56.238533-03
26	s/n Marginal Valentina	Uraí	26	2024-10-05 01:14:56.242514-03	2024-10-05 01:14:56.242514-03
27	7951 Marginal Arthur Gabriel Jesus	Cabixi	27	2024-10-05 01:14:56.245846-03	2024-10-05 01:14:56.245846-03
28	s/n Rodovia Cauã Costa	Novo Planalto	28	2024-10-05 01:14:56.250509-03	2024-10-05 01:14:56.250509-03
29	32756 Rua Sophia Meira	Tururu	29	2024-10-05 01:14:56.253887-03	2024-10-05 01:14:56.253887-03
30	31374 Travessa Rafaela	Barra do Chapéu	30	2024-10-05 01:14:56.257855-03	2024-10-05 01:14:56.257855-03
31	s/n Avenida Sílvia Aguiar	Monte Belo do Sul	31	2024-10-05 01:14:56.261842-03	2024-10-05 01:14:56.261842-03
32	s/n Marginal Luiza Galvão	Santana do Jacaré	32	2024-10-05 01:14:56.265848-03	2024-10-05 01:14:56.265848-03
33	4052 Viela Ana Clara Melo	Mucajaí	33	2024-10-05 01:14:56.274609-03	2024-10-05 01:14:56.274609-03
34	36309 Viela Lucas Gabriel de Borba	Riacho dos Machados	34	2024-10-05 01:14:56.279726-03	2024-10-05 01:14:56.279726-03
35	s/n Avenida Júlio	Jardim do Seridó	35	2024-10-05 01:14:56.283435-03	2024-10-05 01:14:56.283435-03
36	19451 Viela Helena Siqueira	Araquari	36	2024-10-05 01:14:56.286118-03	2024-10-05 01:14:56.286118-03
37	s/n Avenida Levi	São Sebastião do Umbuzeiro	37	2024-10-05 01:14:56.288751-03	2024-10-05 01:14:56.288751-03
38	68544 Ponte Maitê Mendanha	Doutor Pedrinho	38	2024-10-05 01:14:56.291442-03	2024-10-05 01:14:56.291442-03
39	2081 Avenida Danilo	Pacaembu	39	2024-10-05 01:14:56.294205-03	2024-10-05 01:14:56.294205-03
40	20464 Marginal Lucas da Rosa	Dourado	40	2024-10-05 01:14:56.296921-03	2024-10-05 01:14:56.296921-03
41	5695 Rodovia Célia	Água Clara	41	2024-10-05 01:14:56.299573-03	2024-10-05 01:14:56.299573-03
42	4209 Avenida Márcio Saraiva	Padre Bernardo	42	2024-10-05 01:14:56.302268-03	2024-10-05 01:14:56.302268-03
43	414 Ponte Manuela	São Sebastião do Rio Preto	43	2024-10-05 01:14:56.304937-03	2024-10-05 01:14:56.304937-03
44	48454 Viela Maria Laura Lima	Itaguaí	44	2024-10-05 01:14:56.307714-03	2024-10-05 01:14:56.307714-03
45	s/n Travessa José	Piacatu	45	2024-10-05 01:14:56.313815-03	2024-10-05 01:14:56.313815-03
46	s/n Rodovia Benício Melo	Fundão	46	2024-10-05 01:14:56.316452-03	2024-10-05 01:14:56.316452-03
47	s/n Marginal Pedro Henrique	Mandirituba	47	2024-10-05 01:14:56.319037-03	2024-10-05 01:14:56.319037-03
48	s/n Rodovia Fabiano da Bandeira	Sobral	48	2024-10-05 01:14:56.322425-03	2024-10-05 01:14:56.322425-03
49	51826 Travessa Enzo Gabriel	Colares	49	2024-10-05 01:14:56.325079-03	2024-10-05 01:14:56.325079-03
50	20229 Viela Natália	Jacareí	50	2024-10-05 01:14:56.327692-03	2024-10-05 01:14:56.327692-03
51	13091 Avenida Nataniel	Chapadão do Céu	51	2024-10-05 01:14:56.330991-03	2024-10-05 01:14:56.330991-03
52	s/n Rodovia Louise Siqueiro	Cambuí	52	2024-10-05 01:14:56.333562-03	2024-10-05 01:14:56.333562-03
53	165 Alameda Davi Lucca Gentil	Perdigão	53	2024-10-05 01:14:56.336164-03	2024-10-05 01:14:56.336164-03
54	943 Avenida Arthur Gabriel	Miracema do Tocantins	54	2024-10-05 01:14:56.338769-03	2024-10-05 01:14:56.338769-03
55	s/n Ponte Eduardo Pires	Normandia	55	2024-10-05 01:14:56.341332-03	2024-10-05 01:14:56.341332-03
56	s/n Rodovia Gúbio	Piraí do Sul	56	2024-10-05 01:14:56.344378-03	2024-10-05 01:14:56.344378-03
57	9692 Ponte Liz Vasques	Eliseu Martins	57	2024-10-05 01:14:56.346996-03	2024-10-05 01:14:56.346996-03
58	88795 Alameda Fernanda Albuquerque	Altinópolis	58	2024-10-05 01:14:56.349571-03	2024-10-05 01:14:56.349571-03
59	5415 Travessa Marcia Vidal	Maria Helena	59	2024-10-05 01:14:56.352189-03	2024-10-05 01:14:56.352189-03
60	362 Rua João Gabriel Coqueiro	Lidianópolis	60	2024-10-05 01:14:56.354992-03	2024-10-05 01:14:56.354992-03
61	289 Alameda Igor Saraiva	Porto Firme	61	2024-10-05 01:14:56.357581-03	2024-10-05 01:14:56.357581-03
62	s/n Marginal Paulo	Carneiros	62	2024-10-05 01:14:56.36019-03	2024-10-05 01:14:56.36019-03
63	74891 Rodovia Isabella	Jutaí	63	2024-10-05 01:14:56.36282-03	2024-10-05 01:14:56.36282-03
64	680 Marginal Lavínia	Presidente Tancredo Neves	64	2024-10-05 01:14:56.365393-03	2024-10-05 01:14:56.365393-03
65	168 Rodovia João Gabriel	Taquara	65	2024-10-05 01:14:56.368178-03	2024-10-05 01:14:56.368178-03
66	165 Rua Alexandre Guedes	Mariluz	66	2024-10-05 01:14:56.370879-03	2024-10-05 01:14:56.370879-03
67	21394 Viela Ígor da Mota	São João da Fronteira	67	2024-10-05 01:14:56.374765-03	2024-10-05 01:14:56.374765-03
68	4323 Ponte Oliver Caseira	Ouriçangas	68	2024-10-05 01:14:56.377398-03	2024-10-05 01:14:56.377398-03
69	s/n Travessa Ryan	Governador Dix-Sept Rosado	69	2024-10-05 01:14:56.380006-03	2024-10-05 01:14:56.380006-03
70	8503 Viela Theo	Mariápolis	70	2024-10-05 01:14:56.38263-03	2024-10-05 01:14:56.38263-03
71	48345 Marginal Ana Beatriz	Lebon Régis	71	2024-10-05 01:14:56.385214-03	2024-10-05 01:14:56.385214-03
72	3691 Rua Sophia Conceição	Antonina	72	2024-10-05 01:14:56.387856-03	2024-10-05 01:14:56.387856-03
73	18554 Travessa Allana Porteira	São Jerônimo	73	2024-10-05 01:14:56.390453-03	2024-10-05 01:14:56.390453-03
74	10550 Rodovia Catarina	Rodeiro	74	2024-10-05 01:14:56.393042-03	2024-10-05 01:14:56.393042-03
75	343 Viela Nicolas	Eugênio de Castro	75	2024-10-05 01:14:56.395699-03	2024-10-05 01:14:56.395699-03
76	36261 Travessa Ofélia	Lagoa Dourada	76	2024-10-05 01:14:56.398284-03	2024-10-05 01:14:56.398284-03
77	25339 Avenida José	Cachoeira Grande	77	2024-10-05 01:14:56.400912-03	2024-10-05 01:14:56.400912-03
78	98394 Ponte Clara	Biritiba-Mirim	78	2024-10-05 01:14:56.403475-03	2024-10-05 01:14:56.403475-03
79	66278 Marginal Ana Vitória	Bujaru	79	2024-10-05 01:14:56.408861-03	2024-10-05 01:14:56.408861-03
80	6555 Travessa Breno Custódio	Chã Grande	80	2024-10-05 01:14:56.411472-03	2024-10-05 01:14:56.411472-03
81	877 Travessa Bento	São José dos Campos	81	2024-10-05 01:14:56.414144-03	2024-10-05 01:14:56.414144-03
82	47379 Rua Davi Velasques	Rancho Alegre	82	2024-10-05 01:14:56.417353-03	2024-10-05 01:14:56.417353-03
83	s/n Rodovia Laís Santana	Acauã	83	2024-10-05 01:14:56.419973-03	2024-10-05 01:14:56.419973-03
84	s/n Rodovia Henrique Viana	Alegrete	84	2024-10-05 01:14:56.422632-03	2024-10-05 01:14:56.422632-03
85	81184 Rua Enzo Thiago da Penha	Santa Quitéria	85	2024-10-05 01:14:56.425961-03	2024-10-05 01:14:56.425961-03
86	s/n Viela Amanda	Vigia	86	2024-10-05 01:14:56.42851-03	2024-10-05 01:14:56.42851-03
87	911 Avenida Tiago Espinhosa	Boa Ventura	87	2024-10-05 01:14:56.431083-03	2024-10-05 01:14:56.431083-03
88	27898 Rua Eloah	Macaúbas	88	2024-10-05 01:14:56.433677-03	2024-10-05 01:14:56.433677-03
89	1161 Rodovia Ricardo Santana	Manicoré	89	2024-10-05 01:14:56.43675-03	2024-10-05 01:14:56.43675-03
90	96846 Alameda Ofélia	Placas	90	2024-10-05 01:14:56.439381-03	2024-10-05 01:14:56.439381-03
91	373 Marginal Feliciano da Penha	Serrana	91	2024-10-05 01:14:56.441957-03	2024-10-05 01:14:56.441957-03
92	91965 Ponte Djalma	Prado	92	2024-10-05 01:14:56.444517-03	2024-10-05 01:14:56.444517-03
93	4739 Marginal Heloísa	Salgueiro	93	2024-10-05 01:14:56.447078-03	2024-10-05 01:14:56.447078-03
94	2779 Marginal Tertuliano	Remanso	94	2024-10-05 01:14:56.449915-03	2024-10-05 01:14:56.449915-03
95	276 Ponte Maria Valentina	Brotas	95	2024-10-05 01:14:56.452473-03	2024-10-05 01:14:56.452473-03
96	5641 Rodovia Alícia	Lagoa de Pedras	96	2024-10-05 01:14:56.455051-03	2024-10-05 01:14:56.455051-03
97	1010 Marginal Ian	Santo Antônio do Leverger	97	2024-10-05 01:14:56.457671-03	2024-10-05 01:14:56.457671-03
98	151 Marginal Adriana	Lagoa d'Anta	98	2024-10-05 01:14:56.460298-03	2024-10-05 01:14:56.460298-03
99	35825 Ponte Lucas Gabriel	Nossa Senhora de Nazaré	99	2024-10-05 01:14:56.46295-03	2024-10-05 01:14:56.46295-03
100	s/n Viela Nicole	Tarrafas	100	2024-10-05 01:14:56.465529-03	2024-10-05 01:14:56.465529-03
\.


--
-- Data for Name: ar_internal_metadata; Type: TABLE DATA; Schema: public; Owner: postgres
--

COPY public.ar_internal_metadata (key, value, created_at, updated_at) FROM stdin;
environment	development	2024-10-05 01:13:46.219531-03	2024-10-05 01:13:46.219533-03
\.


--
-- Data for Name: contacts; Type: TABLE DATA; Schema: public; Owner: postgres
--

COPY public.contacts (id, name, email, birthdate, created_at, updated_at, kind_id) FROM stdin;
1	João Pedro Grotas	scot.hammes@toy-koepp.test	1976-11-02	2024-10-05 01:14:34.673336-03	2024-10-05 01:14:34.673336-03	2
2	Dra. Morgana Muniz	leslie_welch@fay.test	1988-04-13	2024-10-05 01:14:34.67848-03	2024-10-05 01:14:34.67848-03	1
3	João Samuel Junqueira	kory.schroeder@schowalter.example	1986-05-29	2024-10-05 01:14:34.68256-03	2024-10-05 01:14:34.68256-03	3
4	João Samuel Godins	scott@olson.test	1970-05-02	2024-10-05 01:14:34.686825-03	2024-10-05 01:14:34.686825-03	2
5	Hélio Porteira	vernetta_goodwin@schaefer.test	1974-11-10	2024-10-05 01:14:34.691004-03	2024-10-05 01:14:34.691004-03	2
6	Natália da Costa	chara_dubuque@nicolas.test	1990-07-31	2024-10-05 01:14:34.700526-03	2024-10-05 01:14:34.700526-03	3
7	Aline Albuquerque	martin@williamson-lakin.test	1989-04-28	2024-10-05 01:14:34.706145-03	2024-10-05 01:14:34.706145-03	2
8	Larissa Brites	dewayne_ruecker@mcclure-kirlin.example	1980-01-01	2024-10-05 01:14:34.711292-03	2024-10-05 01:14:34.711292-03	3
9	Luiz Miguel Caldas	marguerite@paucek.test	1982-03-13	2024-10-05 01:14:34.716943-03	2024-10-05 01:14:34.716943-03	3
10	Francisco Diegues	jamison@purdy.example	1993-10-30	2024-10-05 01:14:34.722221-03	2024-10-05 01:14:34.722221-03	1
11	Enzo Veloso	branden_mann@walker-turner.test	1981-04-15	2024-10-05 01:14:34.72754-03	2024-10-05 01:14:34.72754-03	3
12	Sra. Pablo Modesto	luz.kulas@zemlak-johns.test	1992-06-09	2024-10-05 01:14:34.732758-03	2024-10-05 01:14:34.732758-03	3
13	Dalila Leiria	cornelius_moore@howe-wiza.test	1986-05-31	2024-10-05 01:14:34.737926-03	2024-10-05 01:14:34.737926-03	2
14	Sílvia de Sá Neto	sueann.prosacco@runolfsson.test	1962-06-10	2024-10-05 01:14:34.74249-03	2024-10-05 01:14:34.74249-03	1
15	Carlos Eduardo Muniz	alfredo@nicolas.example	1973-06-06	2024-10-05 01:14:34.747667-03	2024-10-05 01:14:34.747667-03	3
16	Srta. Breno das Neves	keiko.wilkinson@jacobi.example	2002-11-06	2024-10-05 01:14:34.753011-03	2024-10-05 01:14:34.753011-03	3
17	Sr. Helena Bulhões	dee@stokes.test	2001-04-26	2024-10-05 01:14:34.758942-03	2024-10-05 01:14:34.758942-03	3
18	Dr. Igor Godins	salvatore@schumm.test	1987-03-23	2024-10-05 01:14:34.764847-03	2024-10-05 01:14:34.764847-03	2
19	Pedro Miguel Corte	leena_ledner@daugherty.test	1961-08-29	2024-10-05 01:14:34.77118-03	2024-10-05 01:14:34.77118-03	2
20	Mirella Porteira	cornelius_gerlach@ratke-kautzer.example	1972-01-14	2024-10-05 01:14:34.78145-03	2024-10-05 01:14:34.78145-03	1
21	Marcela Pires	markus_oberbrunner@bruen.example	1999-06-02	2024-10-05 01:14:34.785502-03	2024-10-05 01:14:34.785502-03	1
22	Lucas Antunes	jamey_will@jast.test	1967-10-22	2024-10-05 01:14:34.78956-03	2024-10-05 01:14:34.78956-03	3
23	Janaína Carvalheira	maxwell_kuhlman@ferry.test	1964-10-29	2024-10-05 01:14:34.793742-03	2024-10-05 01:14:34.793742-03	1
24	Dra. Gabriela Bittencourt	marlin@fahey.test	1978-12-07	2024-10-05 01:14:34.797826-03	2024-10-05 01:14:34.797826-03	1
25	Arthur Miguel de Sá	joslyn_hintz@schaden-collier.test	1982-06-09	2024-10-05 01:14:34.80192-03	2024-10-05 01:14:34.80192-03	3
26	Eduardo Ferraço	jeannine@padberg.example	1974-04-28	2024-10-05 01:14:34.806015-03	2024-10-05 01:14:34.806015-03	2
27	Sophie Figueira Neto	frances_langosh@weber-bayer.example	1975-01-02	2024-10-05 01:14:34.810219-03	2024-10-05 01:14:34.810219-03	3
28	João Bouças	rex_heathcote@yundt.test	1973-12-16	2024-10-05 01:14:34.817449-03	2024-10-05 01:14:34.817449-03	1
29	Heloísa Bentes	joelle_reynolds@wintheiser-effertz.test	2003-06-16	2024-10-05 01:14:34.822175-03	2024-10-05 01:14:34.822175-03	1
30	Dra. João Miguel Pires	lester_flatley@skiles.example	1989-07-28	2024-10-05 01:14:34.82664-03	2024-10-05 01:14:34.82664-03	2
31	Esther Xavier Filho	augustus@jacobson.test	1964-11-15	2024-10-05 01:14:34.830766-03	2024-10-05 01:14:34.830766-03	3
32	Nathan Pereira Neto	rigoberto@treutel-stroman.example	2000-02-06	2024-10-05 01:14:34.834876-03	2024-10-05 01:14:34.834876-03	1
33	Lara Monteira Jr.	shane@daniel.test	1989-01-14	2024-10-05 01:14:34.839412-03	2024-10-05 01:14:34.839412-03	3
34	Janaína Duarte	corrie@oberbrunner-jakubowski.test	1968-05-14	2024-10-05 01:14:34.843464-03	2024-10-05 01:14:34.843464-03	3
35	Emilly de Lins	everette@kuhn.example	1984-04-04	2024-10-05 01:14:34.847413-03	2024-10-05 01:14:34.847413-03	1
36	Vitor Hugo Espinhosa Jr.	zachariah@mueller.test	1998-12-20	2024-10-05 01:14:34.85141-03	2024-10-05 01:14:34.85141-03	1
37	Thiago Garcez Neto	alysha@yost-kuphal.example	1973-12-11	2024-10-05 01:14:34.855519-03	2024-10-05 01:14:34.855519-03	3
38	Benício Simões	octavio.wintheiser@krajcik.example	1992-11-01	2024-10-05 01:14:34.859537-03	2024-10-05 01:14:34.859537-03	3
39	Yuri Teixeira Neto	euna@steuber.example	1996-01-12	2024-10-05 01:14:34.863501-03	2024-10-05 01:14:34.863501-03	3
40	Hugo Diegues	jayne@armstrong.test	1962-10-23	2024-10-05 01:14:34.867683-03	2024-10-05 01:14:34.867683-03	2
41	Srta. Vitor Hugo Araújo	julio@rau-dietrich.example	1964-01-12	2024-10-05 01:14:34.87197-03	2024-10-05 01:14:34.87197-03	3
42	Ofélia Novaes	milton.hoeger@shanahan-aufderhar.example	1978-05-13	2024-10-05 01:14:34.877412-03	2024-10-05 01:14:34.877412-03	3
43	Ana Cecília Goulart Neto	fritz.larkin@sporer.test	1962-04-12	2024-10-05 01:14:34.881436-03	2024-10-05 01:14:34.881436-03	3
44	Sr. Benjamin Vieira	wally.fadel@schulist.test	2001-12-15	2024-10-05 01:14:34.885464-03	2024-10-05 01:14:34.885464-03	3
45	Thomas Pereira Jr.	glenn.witting@dubuque.test	1978-05-18	2024-10-05 01:14:34.88956-03	2024-10-05 01:14:34.88956-03	1
46	Srta. Meire Pires	neda@mitchell.example	1962-11-15	2024-10-05 01:14:34.893636-03	2024-10-05 01:14:34.893636-03	1
47	Ana Clara Matoso	elmo.kuvalis@smith.test	2001-02-04	2024-10-05 01:14:34.897697-03	2024-10-05 01:14:34.897697-03	2
48	Esther Gomes	lasandra.aufderhar@windler.test	1981-06-19	2024-10-05 01:14:34.901769-03	2024-10-05 01:14:34.901769-03	3
49	Davi Luca Meira	cinderella.kutch@koelpin-donnelly.example	1992-11-23	2024-10-05 01:14:34.908928-03	2024-10-05 01:14:34.908928-03	3
50	Arthur Passarinho Neto	joe@oreilly.example	1964-12-03	2024-10-05 01:14:34.913545-03	2024-10-05 01:14:34.913545-03	1
51	Vitória Amoreira	reuben_welch@wisozk.example	2003-07-13	2024-10-05 01:14:34.917736-03	2024-10-05 01:14:34.917736-03	2
52	Sílvia Quarteira	rolande.quitzon@pagac-daugherty.example	1986-10-04	2024-10-05 01:14:34.922473-03	2024-10-05 01:14:34.922473-03	1
53	Thiago Regueira	aida@jakubowski-prohaska.example	1992-10-02	2024-10-05 01:14:34.926487-03	2024-10-05 01:14:34.926487-03	3
54	Sr. Elisa Custódio	daniella@lynch.test	1975-01-31	2024-10-05 01:14:34.930996-03	2024-10-05 01:14:34.930996-03	1
55	Karla Chaves	kathaleen.vandervort@hoeger.test	1988-07-20	2024-10-05 01:14:34.93511-03	2024-10-05 01:14:34.93511-03	3
56	Luana Palmeira	patrick@wuckert.example	1975-07-22	2024-10-05 01:14:34.939064-03	2024-10-05 01:14:34.939064-03	3
57	Dr. Enrico Melo	larry_bechtelar@fadel.example	1980-01-15	2024-10-05 01:14:34.943213-03	2024-10-05 01:14:34.943213-03	3
58	Heitor da Silveira	tenesha.gorczany@hills.test	1974-01-26	2024-10-05 01:14:34.947257-03	2024-10-05 01:14:34.947257-03	2
59	Roberto Grotas	yolonda.prosacco@schulist-kerluke.example	1976-06-09	2024-10-05 01:14:34.951398-03	2024-10-05 01:14:34.951398-03	1
60	Heitor Ribeiro	sterling.stroman@koepp.test	1998-10-12	2024-10-05 01:14:34.955405-03	2024-10-05 01:14:34.955405-03	1
61	Dalila Alves Filho	boris@feeney.example	1981-06-08	2024-10-05 01:14:34.959521-03	2024-10-05 01:14:34.959521-03	3
62	Srta. Louise Videira	virginia@king-roob.example	1998-02-15	2024-10-05 01:14:34.963562-03	2024-10-05 01:14:34.963562-03	2
63	Fabiano Novaes Neto	delana@christiansen-nolan.test	1999-08-07	2024-10-05 01:14:34.968402-03	2024-10-05 01:14:34.968402-03	3
64	Dra. Isabelly Rêgo	cindy_sporer@mann-cormier.example	1989-09-10	2024-10-05 01:14:34.972524-03	2024-10-05 01:14:34.972524-03	2
65	Sra. João Pedro Corte	maxima@schneider-williamson.test	1990-08-26	2024-10-05 01:14:34.976599-03	2024-10-05 01:14:34.976599-03	3
66	Juliana Rodrigues Filho	jeffie@hane.test	1982-08-19	2024-10-05 01:14:34.980681-03	2024-10-05 01:14:34.980681-03	1
67	Warley Silva	fredia_moore@homenick.test	1966-12-16	2024-10-05 01:14:34.984707-03	2024-10-05 01:14:34.984707-03	1
68	Maria Clara Ornelas	ozzie.stanton@olson.example	1982-12-04	2024-10-05 01:14:34.988731-03	2024-10-05 01:14:34.988731-03	3
69	Lucas Gabriel de Assunção	rae_leuschke@mills-osinski.example	1977-11-22	2024-10-05 01:14:34.992707-03	2024-10-05 01:14:34.992707-03	1
70	Djalma Teixeira	alphonso_little@kuhn.test	1988-07-16	2024-10-05 01:14:34.996721-03	2024-10-05 01:14:34.996721-03	3
71	Luana Coutinho	rubin@ritchie.test	2006-09-02	2024-10-05 01:14:35.002786-03	2024-10-05 01:14:35.002786-03	1
72	Clara Galego	jackson_huels@quitzon-jacobs.example	1999-09-05	2024-10-05 01:14:35.007344-03	2024-10-05 01:14:35.007344-03	2
73	João Vitor da Fontoura	micha@lowe-renner.test	1979-02-25	2024-10-05 01:14:35.011439-03	2024-10-05 01:14:35.011439-03	2
74	Lavínia Carvalho	margarete@zieme.example	1990-05-23	2024-10-05 01:14:35.016063-03	2024-10-05 01:14:35.016063-03	3
75	João Siqueira	chester.bailey@reynolds-oconner.example	1961-01-22	2024-10-05 01:14:35.020106-03	2024-10-05 01:14:35.020106-03	3
76	Dr. Antonia da Madureira	marianne@boyle.test	1995-04-01	2024-10-05 01:14:35.024608-03	2024-10-05 01:14:35.024608-03	1
77	Dr. Matheus Aragão	ronald_walter@stanton.example	1995-04-04	2024-10-05 01:14:35.028768-03	2024-10-05 01:14:35.028768-03	1
78	Pedro Miguel Costa	davida@mann.test	2000-07-04	2024-10-05 01:14:35.032926-03	2024-10-05 01:14:35.032926-03	2
79	Ana Luiza Teles	gilberto.hackett@stracke-schowalter.test	1962-04-13	2024-10-05 01:14:35.036929-03	2024-10-05 01:14:35.036929-03	1
80	Washington Pimenta	willette.hansen@torp.example	1964-03-07	2024-10-05 01:14:35.040911-03	2024-10-05 01:14:35.040911-03	1
81	Francisca da Mota	enoch@lebsack.example	1991-09-13	2024-10-05 01:14:35.045179-03	2024-10-05 01:14:35.045179-03	3
82	Samuel Peres	lauren@schulist.example	1997-09-09	2024-10-05 01:14:35.049162-03	2024-10-05 01:14:35.049162-03	3
83	Ana Lívia Veles	clayton@champlin-grady.example	1975-03-24	2024-10-05 01:14:35.053322-03	2024-10-05 01:14:35.053322-03	1
84	Dr. Elisa Almeida	georgiana.osinski@kiehn.test	1998-09-10	2024-10-05 01:14:35.057293-03	2024-10-05 01:14:35.057293-03	3
85	Dra. Elísio Simão	lael_leffler@rath-stehr.example	2004-12-28	2024-10-05 01:14:35.062277-03	2024-10-05 01:14:35.062277-03	1
86	Salvador Gabeira	filiberto.schumm@will.example	1994-07-06	2024-10-05 01:14:35.066373-03	2024-10-05 01:14:35.066373-03	2
87	Davi Ludmer Marins	raymond.fadel@leuschke-legros.example	1979-12-24	2024-10-05 01:14:35.070401-03	2024-10-05 01:14:35.070401-03	1
88	Srta. Bernardo Jaques	lance_heathcote@gislason.example	1969-08-25	2024-10-05 01:14:35.074442-03	2024-10-05 01:14:35.074442-03	2
89	Maria Laura Ximenes Filho	earnest@shanahan.example	1984-01-22	2024-10-05 01:14:35.078427-03	2024-10-05 01:14:35.078427-03	1
90	Roberta Almada	shana.wintheiser@hayes-nitzsche.test	1983-05-04	2024-10-05 01:14:35.08252-03	2024-10-05 01:14:35.08252-03	2
91	Vitor Hugo Bulhões	huey_nikolaus@funk.example	1982-11-29	2024-10-05 01:14:35.086614-03	2024-10-05 01:14:35.086614-03	3
92	Patricia Jaques	pete_labadie@yundt-dietrich.example	1966-03-02	2024-10-05 01:14:35.090647-03	2024-10-05 01:14:35.090647-03	3
93	Cauã da Barranca	jeremiah@jones-olson.test	1977-09-07	2024-10-05 01:14:35.095882-03	2024-10-05 01:14:35.095882-03	1
94	Davi de Lins	alease_sanford@bergstrom-cummings.example	1965-12-29	2024-10-05 01:14:35.100479-03	2024-10-05 01:14:35.100479-03	1
95	Pérola Guedes	shannon@stroman-farrell.test	1987-06-26	2024-10-05 01:14:35.104653-03	2024-10-05 01:14:35.104653-03	2
96	Maria Isis Albuquerque	roscoe.windler@nader.test	2005-01-31	2024-10-05 01:14:35.109361-03	2024-10-05 01:14:35.109361-03	1
97	Oliver dos Reis	ferdinand.kemmer@okuneva-dickinson.test	1982-10-08	2024-10-05 01:14:35.113312-03	2024-10-05 01:14:35.113312-03	1
98	Benjamin da Conceição	donte@ebert.example	1997-08-20	2024-10-05 01:14:35.117899-03	2024-10-05 01:14:35.117899-03	3
99	Arthur Ribeira	harlan_moore@lehner.example	1978-02-17	2024-10-05 01:14:35.121938-03	2024-10-05 01:14:35.121938-03	3
100	Arthur Barbosa	tamar@bradtke-johns.test	1988-02-01	2024-10-05 01:14:35.126077-03	2024-10-05 01:14:35.126077-03	3
101	Rafaelle Amorim	rafaelle@lele.com	1994-04-17	2024-10-05 20:41:08.027002-03	2024-10-05 20:41:08.027002-03	1
\.


--
-- Data for Name: kinds; Type: TABLE DATA; Schema: public; Owner: postgres
--

COPY public.kinds (id, description, created_at, updated_at) FROM stdin;
1	Outros	2024-10-05 01:14:23.064154-03	2024-10-05 01:14:23.064154-03
2	Clientes	2024-10-05 01:14:23.07898-03	2024-10-05 01:14:23.07898-03
3	Distribuidores	2024-10-05 01:14:23.081669-03	2024-10-05 01:14:23.081669-03
4	Colaboradores	2024-10-05 01:14:23.084261-03	2024-10-05 01:14:23.084261-03
\.


--
-- Data for Name: phones; Type: TABLE DATA; Schema: public; Owner: postgres
--

COPY public.phones (id, number, contact_id, created_at, updated_at) FROM stdin;
1	(84) 99133-7211	1	2024-10-05 01:14:46.211465-03	2024-10-05 01:14:46.211465-03
2	(24) 97406-4532	2	2024-10-05 01:14:46.215875-03	2024-10-05 01:14:46.215875-03
3	(24) 93715-1911	2	2024-10-05 01:14:46.219205-03	2024-10-05 01:14:46.219205-03
4	(66) 92842-1807	2	2024-10-05 01:14:46.222645-03	2024-10-05 01:14:46.222645-03
5	(82) 92092-8559	2	2024-10-05 01:14:46.226108-03	2024-10-05 01:14:46.226108-03
6	(49) 99029-7587	3	2024-10-05 01:14:46.229484-03	2024-10-05 01:14:46.229484-03
7	(88) 93161-5764	3	2024-10-05 01:14:46.232901-03	2024-10-05 01:14:46.232901-03
8	(47) 92211-2456	3	2024-10-05 01:14:46.236233-03	2024-10-05 01:14:46.236233-03
9	(38) 98026-8473	4	2024-10-05 01:14:46.247307-03	2024-10-05 01:14:46.247307-03
10	(74) 94032-6756	4	2024-10-05 01:14:46.250526-03	2024-10-05 01:14:46.250526-03
11	(17) 95432-3681	4	2024-10-05 01:14:46.253708-03	2024-10-05 01:14:46.253708-03
12	(43) 92335-1885	5	2024-10-05 01:14:46.259074-03	2024-10-05 01:14:46.259074-03
13	(42) 96186-8931	6	2024-10-05 01:14:46.263728-03	2024-10-05 01:14:46.263728-03
14	(31) 97800-2719	6	2024-10-05 01:14:46.268954-03	2024-10-05 01:14:46.268954-03
15	(69) 92785-7136	7	2024-10-05 01:14:46.272956-03	2024-10-05 01:14:46.272956-03
16	(54) 91035-4898	7	2024-10-05 01:14:46.277786-03	2024-10-05 01:14:46.277786-03
17	(27) 93020-2902	8	2024-10-05 01:14:46.282031-03	2024-10-05 01:14:46.282031-03
18	(97) 91869-2754	9	2024-10-05 01:14:46.286579-03	2024-10-05 01:14:46.286579-03
19	(46) 95092-9244	9	2024-10-05 01:14:46.290185-03	2024-10-05 01:14:46.290185-03
20	(51) 91796-9424	11	2024-10-05 01:14:46.293804-03	2024-10-05 01:14:46.293804-03
21	(45) 93289-5336	11	2024-10-05 01:14:46.296947-03	2024-10-05 01:14:46.296947-03
22	(11) 94186-1326	11	2024-10-05 01:14:46.300125-03	2024-10-05 01:14:46.300125-03
23	(82) 97800-2040	12	2024-10-05 01:14:46.303378-03	2024-10-05 01:14:46.303378-03
24	(16) 99604-3562	13	2024-10-05 01:14:46.306583-03	2024-10-05 01:14:46.306583-03
25	(47) 93605-4722	13	2024-10-05 01:14:46.309737-03	2024-10-05 01:14:46.309737-03
26	(46) 94954-8958	14	2024-10-05 01:14:46.312968-03	2024-10-05 01:14:46.312968-03
27	(86) 92962-4793	16	2024-10-05 01:14:46.316256-03	2024-10-05 01:14:46.316256-03
28	(62) 98217-8620	16	2024-10-05 01:14:46.319498-03	2024-10-05 01:14:46.319498-03
29	(68) 91846-3287	16	2024-10-05 01:14:46.322859-03	2024-10-05 01:14:46.322859-03
30	(38) 98315-1714	17	2024-10-05 01:14:46.326089-03	2024-10-05 01:14:46.326089-03
31	(67) 96649-8636	17	2024-10-05 01:14:46.329366-03	2024-10-05 01:14:46.329366-03
32	(92) 98717-5793	17	2024-10-05 01:14:46.332513-03	2024-10-05 01:14:46.332513-03
33	(91) 91139-4120	19	2024-10-05 01:14:46.33589-03	2024-10-05 01:14:46.33589-03
34	(94) 93075-4674	20	2024-10-05 01:14:46.339314-03	2024-10-05 01:14:46.339314-03
35	(51) 92441-1198	20	2024-10-05 01:14:46.342575-03	2024-10-05 01:14:46.342575-03
36	(24) 94052-3842	20	2024-10-05 01:14:46.345811-03	2024-10-05 01:14:46.345811-03
37	(28) 98670-6979	21	2024-10-05 01:14:46.353704-03	2024-10-05 01:14:46.353704-03
38	(19) 91903-4859	21	2024-10-05 01:14:46.357106-03	2024-10-05 01:14:46.357106-03
39	(28) 93734-8256	22	2024-10-05 01:14:46.360473-03	2024-10-05 01:14:46.360473-03
40	(61) 96367-4366	23	2024-10-05 01:14:46.36431-03	2024-10-05 01:14:46.36431-03
41	(92) 91946-4984	23	2024-10-05 01:14:46.367628-03	2024-10-05 01:14:46.367628-03
42	(65) 94532-2426	24	2024-10-05 01:14:46.370746-03	2024-10-05 01:14:46.370746-03
43	(63) 94662-1917	24	2024-10-05 01:14:46.373921-03	2024-10-05 01:14:46.373921-03
44	(61) 98953-7372	25	2024-10-05 01:14:46.377756-03	2024-10-05 01:14:46.377756-03
45	(77) 92784-4304	25	2024-10-05 01:14:46.380923-03	2024-10-05 01:14:46.380923-03
46	(38) 93951-6653	25	2024-10-05 01:14:46.384085-03	2024-10-05 01:14:46.384085-03
47	(14) 94767-8030	25	2024-10-05 01:14:46.387711-03	2024-10-05 01:14:46.387711-03
48	(93) 93020-4809	26	2024-10-05 01:14:46.390994-03	2024-10-05 01:14:46.390994-03
49	(99) 95185-8269	26	2024-10-05 01:14:46.394209-03	2024-10-05 01:14:46.394209-03
50	(62) 98368-1095	26	2024-10-05 01:14:46.397408-03	2024-10-05 01:14:46.397408-03
51	(51) 98657-1727	29	2024-10-05 01:14:46.400534-03	2024-10-05 01:14:46.400534-03
52	(37) 92155-8356	29	2024-10-05 01:14:46.403632-03	2024-10-05 01:14:46.403632-03
53	(92) 92622-8437	29	2024-10-05 01:14:46.406908-03	2024-10-05 01:14:46.406908-03
54	(98) 98324-5048	30	2024-10-05 01:14:46.410175-03	2024-10-05 01:14:46.410175-03
55	(51) 92667-8015	30	2024-10-05 01:14:46.414695-03	2024-10-05 01:14:46.414695-03
56	(47) 93875-7270	31	2024-10-05 01:14:46.417855-03	2024-10-05 01:14:46.417855-03
57	(93) 93279-4571	31	2024-10-05 01:14:46.421026-03	2024-10-05 01:14:46.421026-03
58	(17) 95832-7308	31	2024-10-05 01:14:46.424147-03	2024-10-05 01:14:46.424147-03
59	(33) 97549-5407	32	2024-10-05 01:14:46.427338-03	2024-10-05 01:14:46.427338-03
60	(12) 91773-6414	32	2024-10-05 01:14:46.430668-03	2024-10-05 01:14:46.430668-03
61	(92) 92225-1560	33	2024-10-05 01:14:46.433912-03	2024-10-05 01:14:46.433912-03
62	(75) 95817-2040	33	2024-10-05 01:14:46.437136-03	2024-10-05 01:14:46.437136-03
63	(62) 96587-3646	33	2024-10-05 01:14:46.440269-03	2024-10-05 01:14:46.440269-03
64	(77) 98386-6287	34	2024-10-05 01:14:46.443445-03	2024-10-05 01:14:46.443445-03
65	(48) 93686-8011	34	2024-10-05 01:14:46.446538-03	2024-10-05 01:14:46.446538-03
66	(19) 99301-3468	34	2024-10-05 01:14:46.453959-03	2024-10-05 01:14:46.453959-03
67	(89) 98626-3512	35	2024-10-05 01:14:46.457187-03	2024-10-05 01:14:46.457187-03
68	(45) 97668-1795	37	2024-10-05 01:14:46.460354-03	2024-10-05 01:14:46.460354-03
69	(94) 92482-4893	37	2024-10-05 01:14:46.464296-03	2024-10-05 01:14:46.464296-03
70	(55) 96054-5739	37	2024-10-05 01:14:46.467433-03	2024-10-05 01:14:46.467433-03
71	(42) 97797-3387	38	2024-10-05 01:14:46.470616-03	2024-10-05 01:14:46.470616-03
72	(31) 92410-6613	38	2024-10-05 01:14:46.474534-03	2024-10-05 01:14:46.474534-03
73	(53) 91033-6489	38	2024-10-05 01:14:46.477812-03	2024-10-05 01:14:46.477812-03
74	(91) 93463-8720	39	2024-10-05 01:14:46.481089-03	2024-10-05 01:14:46.481089-03
75	(48) 94931-2671	40	2024-10-05 01:14:46.484312-03	2024-10-05 01:14:46.484312-03
76	(35) 98561-4337	40	2024-10-05 01:14:46.488122-03	2024-10-05 01:14:46.488122-03
77	(91) 97252-2152	41	2024-10-05 01:14:46.491342-03	2024-10-05 01:14:46.491342-03
78	(38) 95854-7002	41	2024-10-05 01:14:46.494457-03	2024-10-05 01:14:46.494457-03
79	(41) 92216-3833	42	2024-10-05 01:14:46.49776-03	2024-10-05 01:14:46.49776-03
80	(63) 93992-8552	42	2024-10-05 01:14:46.500941-03	2024-10-05 01:14:46.500941-03
81	(17) 97152-4411	42	2024-10-05 01:14:46.504087-03	2024-10-05 01:14:46.504087-03
82	(94) 96164-7937	43	2024-10-05 01:14:46.507492-03	2024-10-05 01:14:46.507492-03
83	(22) 96092-8446	43	2024-10-05 01:14:46.511375-03	2024-10-05 01:14:46.511375-03
84	(85) 92450-5731	44	2024-10-05 01:14:46.514498-03	2024-10-05 01:14:46.514498-03
85	(42) 93741-2933	44	2024-10-05 01:14:46.517588-03	2024-10-05 01:14:46.517588-03
86	(92) 92332-9725	44	2024-10-05 01:14:46.520667-03	2024-10-05 01:14:46.520667-03
87	(21) 98968-3157	44	2024-10-05 01:14:46.523817-03	2024-10-05 01:14:46.523817-03
88	(11) 98859-7468	45	2024-10-05 01:14:46.527066-03	2024-10-05 01:14:46.527066-03
89	(14) 93934-2566	45	2024-10-05 01:14:46.530236-03	2024-10-05 01:14:46.530236-03
90	(42) 93344-2367	46	2024-10-05 01:14:46.533411-03	2024-10-05 01:14:46.533411-03
91	(18) 91417-9870	46	2024-10-05 01:14:46.536512-03	2024-10-05 01:14:46.536512-03
92	(27) 97786-9483	46	2024-10-05 01:14:46.539601-03	2024-10-05 01:14:46.539601-03
93	(61) 95556-5764	47	2024-10-05 01:14:46.542705-03	2024-10-05 01:14:46.542705-03
94	(97) 91240-9205	48	2024-10-05 01:14:46.549277-03	2024-10-05 01:14:46.549277-03
95	(89) 91452-2472	48	2024-10-05 01:14:46.552423-03	2024-10-05 01:14:46.552423-03
96	(46) 96150-8537	49	2024-10-05 01:14:46.55557-03	2024-10-05 01:14:46.55557-03
97	(85) 96739-5728	49	2024-10-05 01:14:46.559403-03	2024-10-05 01:14:46.559403-03
98	(96) 95016-7871	50	2024-10-05 01:14:46.562592-03	2024-10-05 01:14:46.562592-03
99	(17) 91357-4259	51	2024-10-05 01:14:46.565773-03	2024-10-05 01:14:46.565773-03
100	(28) 91599-4689	51	2024-10-05 01:14:46.569627-03	2024-10-05 01:14:46.569627-03
101	(21) 97176-1690	51	2024-10-05 01:14:46.572973-03	2024-10-05 01:14:46.572973-03
102	(96) 97724-7656	52	2024-10-05 01:14:46.576147-03	2024-10-05 01:14:46.576147-03
103	(22) 91977-3814	52	2024-10-05 01:14:46.579315-03	2024-10-05 01:14:46.579315-03
104	(63) 97664-7354	53	2024-10-05 01:14:46.583119-03	2024-10-05 01:14:46.583119-03
105	(66) 99863-1756	53	2024-10-05 01:14:46.586288-03	2024-10-05 01:14:46.586288-03
106	(34) 96369-6943	53	2024-10-05 01:14:46.589472-03	2024-10-05 01:14:46.589472-03
107	(75) 98557-6379	53	2024-10-05 01:14:46.59277-03	2024-10-05 01:14:46.59277-03
108	(43) 94369-7483	54	2024-10-05 01:14:46.596-03	2024-10-05 01:14:46.596-03
109	(16) 98632-3326	55	2024-10-05 01:14:46.59918-03	2024-10-05 01:14:46.59918-03
110	(81) 93140-2743	55	2024-10-05 01:14:46.602459-03	2024-10-05 01:14:46.602459-03
111	(33) 93853-5112	56	2024-10-05 01:14:46.606431-03	2024-10-05 01:14:46.606431-03
112	(95) 97371-1703	57	2024-10-05 01:14:46.609605-03	2024-10-05 01:14:46.609605-03
113	(99) 97205-7779	58	2024-10-05 01:14:46.612734-03	2024-10-05 01:14:46.612734-03
114	(42) 92679-9000	59	2024-10-05 01:14:46.615922-03	2024-10-05 01:14:46.615922-03
115	(44) 93671-7980	59	2024-10-05 01:14:46.6191-03	2024-10-05 01:14:46.6191-03
116	(94) 98135-5108	61	2024-10-05 01:14:46.622313-03	2024-10-05 01:14:46.622313-03
117	(88) 97989-4620	61	2024-10-05 01:14:46.625559-03	2024-10-05 01:14:46.625559-03
118	(62) 97561-7285	61	2024-10-05 01:14:46.628733-03	2024-10-05 01:14:46.628733-03
119	(88) 92241-1275	61	2024-10-05 01:14:46.631959-03	2024-10-05 01:14:46.631959-03
120	(38) 96614-3622	62	2024-10-05 01:14:46.635251-03	2024-10-05 01:14:46.635251-03
121	(43) 99561-9364	62	2024-10-05 01:14:46.638454-03	2024-10-05 01:14:46.638454-03
122	(94) 94037-6236	62	2024-10-05 01:14:46.643845-03	2024-10-05 01:14:46.643845-03
123	(54) 94564-1682	63	2024-10-05 01:14:46.647051-03	2024-10-05 01:14:46.647051-03
124	(48) 99764-2999	63	2024-10-05 01:14:46.650231-03	2024-10-05 01:14:46.650231-03
125	(33) 92801-4357	63	2024-10-05 01:14:46.654308-03	2024-10-05 01:14:46.654308-03
126	(43) 96340-1548	64	2024-10-05 01:14:46.657486-03	2024-10-05 01:14:46.657486-03
127	(35) 95469-1202	65	2024-10-05 01:14:46.660699-03	2024-10-05 01:14:46.660699-03
128	(16) 95763-5322	65	2024-10-05 01:14:46.664744-03	2024-10-05 01:14:46.664744-03
129	(61) 91233-8365	65	2024-10-05 01:14:46.667984-03	2024-10-05 01:14:46.667984-03
130	(18) 98413-1201	66	2024-10-05 01:14:46.67116-03	2024-10-05 01:14:46.67116-03
131	(45) 93300-7075	66	2024-10-05 01:14:46.674834-03	2024-10-05 01:14:46.674834-03
132	(51) 92823-6508	69	2024-10-05 01:14:46.678147-03	2024-10-05 01:14:46.678147-03
133	(73) 94951-7284	69	2024-10-05 01:14:46.681366-03	2024-10-05 01:14:46.681366-03
134	(83) 99642-9469	70	2024-10-05 01:14:46.684505-03	2024-10-05 01:14:46.684505-03
135	(83) 93687-2796	71	2024-10-05 01:14:46.687909-03	2024-10-05 01:14:46.687909-03
136	(32) 95255-1845	71	2024-10-05 01:14:46.691057-03	2024-10-05 01:14:46.691057-03
137	(89) 97013-1239	71	2024-10-05 01:14:46.694255-03	2024-10-05 01:14:46.694255-03
138	(35) 96380-6755	71	2024-10-05 01:14:46.697561-03	2024-10-05 01:14:46.697561-03
139	(55) 94230-9452	72	2024-10-05 01:14:46.701435-03	2024-10-05 01:14:46.701435-03
140	(49) 91435-3901	72	2024-10-05 01:14:46.704546-03	2024-10-05 01:14:46.704546-03
141	(87) 95916-9837	72	2024-10-05 01:14:46.707626-03	2024-10-05 01:14:46.707626-03
142	(27) 93381-2421	72	2024-10-05 01:14:46.710712-03	2024-10-05 01:14:46.710712-03
143	(65) 99850-8754	74	2024-10-05 01:14:46.713945-03	2024-10-05 01:14:46.713945-03
144	(69) 91405-6486	74	2024-10-05 01:14:46.717133-03	2024-10-05 01:14:46.717133-03
145	(94) 92583-7590	75	2024-10-05 01:14:46.720343-03	2024-10-05 01:14:46.720343-03
146	(79) 94777-5546	76	2024-10-05 01:14:46.723457-03	2024-10-05 01:14:46.723457-03
147	(33) 98122-6234	77	2024-10-05 01:14:46.726547-03	2024-10-05 01:14:46.726547-03
148	(62) 92491-5556	77	2024-10-05 01:14:46.729629-03	2024-10-05 01:14:46.729629-03
149	(28) 91647-7221	78	2024-10-05 01:14:46.734424-03	2024-10-05 01:14:46.734424-03
150	(27) 91994-5813	78	2024-10-05 01:14:46.737572-03	2024-10-05 01:14:46.737572-03
151	(96) 98192-3270	78	2024-10-05 01:14:46.740711-03	2024-10-05 01:14:46.740711-03
152	(46) 98487-5161	79	2024-10-05 01:14:46.744621-03	2024-10-05 01:14:46.744621-03
153	(98) 93962-7662	79	2024-10-05 01:14:46.747705-03	2024-10-05 01:14:46.747705-03
154	(27) 98308-7497	81	2024-10-05 01:14:46.750904-03	2024-10-05 01:14:46.750904-03
155	(79) 91647-4854	81	2024-10-05 01:14:46.754702-03	2024-10-05 01:14:46.754702-03
156	(17) 95783-7787	83	2024-10-05 01:14:46.757888-03	2024-10-05 01:14:46.757888-03
157	(46) 99233-5837	83	2024-10-05 01:14:46.761121-03	2024-10-05 01:14:46.761121-03
158	(42) 97232-9058	83	2024-10-05 01:14:46.764671-03	2024-10-05 01:14:46.764671-03
159	(34) 98308-6649	83	2024-10-05 01:14:46.767956-03	2024-10-05 01:14:46.767956-03
160	(43) 95539-1919	84	2024-10-05 01:14:46.771165-03	2024-10-05 01:14:46.771165-03
161	(42) 94381-3817	85	2024-10-05 01:14:46.774551-03	2024-10-05 01:14:46.774551-03
162	(88) 91034-3029	86	2024-10-05 01:14:46.777748-03	2024-10-05 01:14:46.777748-03
163	(73) 95376-2729	86	2024-10-05 01:14:46.780913-03	2024-10-05 01:14:46.780913-03
164	(91) 98062-7061	86	2024-10-05 01:14:46.784054-03	2024-10-05 01:14:46.784054-03
165	(27) 94635-7091	86	2024-10-05 01:14:46.787365-03	2024-10-05 01:14:46.787365-03
166	(62) 92344-5630	87	2024-10-05 01:14:46.791191-03	2024-10-05 01:14:46.791191-03
167	(24) 94803-3545	88	2024-10-05 01:14:46.794483-03	2024-10-05 01:14:46.794483-03
168	(75) 91563-8413	88	2024-10-05 01:14:46.797641-03	2024-10-05 01:14:46.797641-03
169	(65) 99135-5667	88	2024-10-05 01:14:46.800797-03	2024-10-05 01:14:46.800797-03
170	(14) 94830-9306	89	2024-10-05 01:14:46.803954-03	2024-10-05 01:14:46.803954-03
171	(43) 93156-3551	89	2024-10-05 01:14:46.807091-03	2024-10-05 01:14:46.807091-03
172	(77) 95537-4499	89	2024-10-05 01:14:46.810261-03	2024-10-05 01:14:46.810261-03
173	(31) 93419-3472	89	2024-10-05 01:14:46.813426-03	2024-10-05 01:14:46.813426-03
174	(99) 93013-6271	92	2024-10-05 01:14:46.816624-03	2024-10-05 01:14:46.816624-03
175	(22) 94037-6582	92	2024-10-05 01:14:46.821274-03	2024-10-05 01:14:46.821274-03
176	(77) 95304-3736	94	2024-10-05 01:14:46.824406-03	2024-10-05 01:14:46.824406-03
177	(94) 97181-7420	94	2024-10-05 01:14:46.827492-03	2024-10-05 01:14:46.827492-03
178	(43) 93258-6216	94	2024-10-05 01:14:46.831364-03	2024-10-05 01:14:46.831364-03
179	(79) 93593-2299	95	2024-10-05 01:14:46.834559-03	2024-10-05 01:14:46.834559-03
180	(33) 94381-9398	95	2024-10-05 01:14:46.837677-03	2024-10-05 01:14:46.837677-03
181	(83) 98587-6527	95	2024-10-05 01:14:46.841343-03	2024-10-05 01:14:46.841343-03
182	(65) 96163-4683	95	2024-10-05 01:14:46.844507-03	2024-10-05 01:14:46.844507-03
183	(61) 98317-3853	96	2024-10-05 01:14:46.84766-03	2024-10-05 01:14:46.84766-03
184	(49) 95384-6865	96	2024-10-05 01:14:46.85121-03	2024-10-05 01:14:46.85121-03
185	(87) 96316-8141	96	2024-10-05 01:14:46.85453-03	2024-10-05 01:14:46.85453-03
186	(34) 91055-7752	96	2024-10-05 01:14:46.857647-03	2024-10-05 01:14:46.857647-03
187	(46) 93947-2354	97	2024-10-05 01:14:46.861008-03	2024-10-05 01:14:46.861008-03
188	(21) 96613-9902	97	2024-10-05 01:14:46.864155-03	2024-10-05 01:14:46.864155-03
189	(19) 92901-7642	97	2024-10-05 01:14:46.867294-03	2024-10-05 01:14:46.867294-03
190	(73) 93763-2642	99	2024-10-05 01:14:46.870482-03	2024-10-05 01:14:46.870482-03
191	(73) 94446-3274	99	2024-10-05 01:14:46.874277-03	2024-10-05 01:14:46.874277-03
192	(92) 98651-9629	100	2024-10-05 01:14:46.877384-03	2024-10-05 01:14:46.877384-03
193	(71) 99606-5803	100	2024-10-05 01:14:46.880458-03	2024-10-05 01:14:46.880458-03
194	(19) 93531-6428	100	2024-10-05 01:14:46.883547-03	2024-10-05 01:14:46.883547-03
\.


--
-- Data for Name: schema_migrations; Type: TABLE DATA; Schema: public; Owner: postgres
--

COPY public.schema_migrations (version) FROM stdin;
20240925020604
20240928163036
20240928165348
20241001005239
20241003232115
\.


--
-- Name: addresses_id_seq; Type: SEQUENCE SET; Schema: public; Owner: postgres
--

SELECT pg_catalog.setval('public.addresses_id_seq', 100, true);


--
-- Name: contacts_id_seq; Type: SEQUENCE SET; Schema: public; Owner: postgres
--

SELECT pg_catalog.setval('public.contacts_id_seq', 101, true);


--
-- Name: kinds_id_seq; Type: SEQUENCE SET; Schema: public; Owner: postgres
--

SELECT pg_catalog.setval('public.kinds_id_seq', 4, true);


--
-- Name: phones_id_seq; Type: SEQUENCE SET; Schema: public; Owner: postgres
--

SELECT pg_catalog.setval('public.phones_id_seq', 194, true);


--
-- Name: schema_migrations idx_16562_sqlite_autoindex_schema_migrations_1; Type: CONSTRAINT; Schema: public; Owner: postgres
--

ALTER TABLE ONLY public.schema_migrations
    ADD CONSTRAINT idx_16562_sqlite_autoindex_schema_migrations_1 PRIMARY KEY (version);


--
-- Name: ar_internal_metadata idx_16567_sqlite_autoindex_ar_internal_metadata_1; Type: CONSTRAINT; Schema: public; Owner: postgres
--

ALTER TABLE ONLY public.ar_internal_metadata
    ADD CONSTRAINT idx_16567_sqlite_autoindex_ar_internal_metadata_1 PRIMARY KEY (key);


--
-- Name: kinds idx_16573_kinds_pkey; Type: CONSTRAINT; Schema: public; Owner: postgres
--

ALTER TABLE ONLY public.kinds
    ADD CONSTRAINT idx_16573_kinds_pkey PRIMARY KEY (id);


--
-- Name: contacts idx_16580_contacts_pkey; Type: CONSTRAINT; Schema: public; Owner: postgres
--

ALTER TABLE ONLY public.contacts
    ADD CONSTRAINT idx_16580_contacts_pkey PRIMARY KEY (id);


--
-- Name: phones idx_16587_phones_pkey; Type: CONSTRAINT; Schema: public; Owner: postgres
--

ALTER TABLE ONLY public.phones
    ADD CONSTRAINT idx_16587_phones_pkey PRIMARY KEY (id);


--
-- Name: addresses idx_16594_addresses_pkey; Type: CONSTRAINT; Schema: public; Owner: postgres
--

ALTER TABLE ONLY public.addresses
    ADD CONSTRAINT idx_16594_addresses_pkey PRIMARY KEY (id);


--
-- Name: idx_16580_index_contacts_on_kind_id; Type: INDEX; Schema: public; Owner: postgres
--

CREATE INDEX idx_16580_index_contacts_on_kind_id ON public.contacts USING btree (kind_id);


--
-- Name: idx_16587_index_phones_on_contact_id; Type: INDEX; Schema: public; Owner: postgres
--

CREATE INDEX idx_16587_index_phones_on_contact_id ON public.phones USING btree (contact_id);


--
-- Name: idx_16594_index_addresses_on_contact_id; Type: INDEX; Schema: public; Owner: postgres
--

CREATE INDEX idx_16594_index_addresses_on_contact_id ON public.addresses USING btree (contact_id);


--
-- Name: addresses addresses_contact_id_fkey; Type: FK CONSTRAINT; Schema: public; Owner: postgres
--

ALTER TABLE ONLY public.addresses
    ADD CONSTRAINT addresses_contact_id_fkey FOREIGN KEY (contact_id) REFERENCES public.contacts(id);


--
-- Name: contacts contacts_kind_id_fkey; Type: FK CONSTRAINT; Schema: public; Owner: postgres
--

ALTER TABLE ONLY public.contacts
    ADD CONSTRAINT contacts_kind_id_fkey FOREIGN KEY (kind_id) REFERENCES public.kinds(id);


--
-- Name: phones phones_contact_id_fkey; Type: FK CONSTRAINT; Schema: public; Owner: postgres
--

ALTER TABLE ONLY public.phones
    ADD CONSTRAINT phones_contact_id_fkey FOREIGN KEY (contact_id) REFERENCES public.contacts(id);


--
-- PostgreSQL database dump complete
--

