PRAGMA foreign_keys=OFF;
BEGIN TRANSACTION;
CREATE TABLE IF NOT EXISTS "schema_migrations" ("version" varchar NOT NULL PRIMARY KEY);
INSERT INTO schema_migrations VALUES('20240925020604');
INSERT INTO schema_migrations VALUES('20240928163036');
INSERT INTO schema_migrations VALUES('20240928165348');
INSERT INTO schema_migrations VALUES('20241001005239');
INSERT INTO schema_migrations VALUES('20241003232115');
CREATE TABLE IF NOT EXISTS "ar_internal_metadata" ("key" varchar NOT NULL PRIMARY KEY, "value" varchar, "created_at" datetime(6) NOT NULL, "updated_at" datetime(6) NOT NULL);
INSERT INTO ar_internal_metadata VALUES('environment','development','2024-10-05 01:13:46.219531','2024-10-05 01:13:46.219533');
CREATE TABLE IF NOT EXISTS "kinds" ("id" integer PRIMARY KEY AUTOINCREMENT NOT NULL, "description" varchar, "created_at" datetime(6) NOT NULL, "updated_at" datetime(6) NOT NULL);
INSERT INTO kinds VALUES(1,'Outros','2024-10-05 01:14:23.064154','2024-10-05 01:14:23.064154');
INSERT INTO kinds VALUES(2,'Clientes','2024-10-05 01:14:23.078980','2024-10-05 01:14:23.078980');
INSERT INTO kinds VALUES(3,'Distribuidores','2024-10-05 01:14:23.081669','2024-10-05 01:14:23.081669');
INSERT INTO kinds VALUES(4,'Colaboradores','2024-10-05 01:14:23.084261','2024-10-05 01:14:23.084261');
CREATE TABLE IF NOT EXISTS "contacts" ("id" integer PRIMARY KEY AUTOINCREMENT NOT NULL, "name" varchar, "email" varchar, "birthdate" date, "created_at" datetime(6) NOT NULL, "updated_at" datetime(6) NOT NULL, "kind_id" integer, CONSTRAINT "fk_rails_c1f4bf4c44"
FOREIGN KEY ("kind_id")
  REFERENCES "kinds" ("id")
);
INSERT INTO contacts VALUES(1,'João Pedro Grotas','scot.hammes@toy-koepp.test','1976-11-02','2024-10-05 01:14:34.673336','2024-10-05 01:14:34.673336',2);
INSERT INTO contacts VALUES(2,'Dra. Morgana Muniz','leslie_welch@fay.test','1988-04-13','2024-10-05 01:14:34.678480','2024-10-05 01:14:34.678480',1);
INSERT INTO contacts VALUES(3,'João Samuel Junqueira','kory.schroeder@schowalter.example','1986-05-29','2024-10-05 01:14:34.682560','2024-10-05 01:14:34.682560',3);
INSERT INTO contacts VALUES(4,'João Samuel Godins','scott@olson.test','1970-05-02','2024-10-05 01:14:34.686825','2024-10-05 01:14:34.686825',2);
INSERT INTO contacts VALUES(5,'Hélio Porteira','vernetta_goodwin@schaefer.test','1974-11-10','2024-10-05 01:14:34.691004','2024-10-05 01:14:34.691004',2);
INSERT INTO contacts VALUES(6,'Natália da Costa','chara_dubuque@nicolas.test','1990-07-31','2024-10-05 01:14:34.700526','2024-10-05 01:14:34.700526',3);
INSERT INTO contacts VALUES(7,'Aline Albuquerque','martin@williamson-lakin.test','1989-04-28','2024-10-05 01:14:34.706145','2024-10-05 01:14:34.706145',2);
INSERT INTO contacts VALUES(8,'Larissa Brites','dewayne_ruecker@mcclure-kirlin.example','1980-01-01','2024-10-05 01:14:34.711292','2024-10-05 01:14:34.711292',3);
INSERT INTO contacts VALUES(9,'Luiz Miguel Caldas','marguerite@paucek.test','1982-03-13','2024-10-05 01:14:34.716943','2024-10-05 01:14:34.716943',3);
INSERT INTO contacts VALUES(10,'Francisco Diegues','jamison@purdy.example','1993-10-30','2024-10-05 01:14:34.722221','2024-10-05 01:14:34.722221',1);
INSERT INTO contacts VALUES(11,'Enzo Veloso','branden_mann@walker-turner.test','1981-04-15','2024-10-05 01:14:34.727540','2024-10-05 01:14:34.727540',3);
INSERT INTO contacts VALUES(12,'Sra. Pablo Modesto','luz.kulas@zemlak-johns.test','1992-06-09','2024-10-05 01:14:34.732758','2024-10-05 01:14:34.732758',3);
INSERT INTO contacts VALUES(13,'Dalila Leiria','cornelius_moore@howe-wiza.test','1986-05-31','2024-10-05 01:14:34.737926','2024-10-05 01:14:34.737926',2);
INSERT INTO contacts VALUES(14,'Sílvia de Sá Neto','sueann.prosacco@runolfsson.test','1962-06-10','2024-10-05 01:14:34.742490','2024-10-05 01:14:34.742490',1);
INSERT INTO contacts VALUES(15,'Carlos Eduardo Muniz','alfredo@nicolas.example','1973-06-06','2024-10-05 01:14:34.747667','2024-10-05 01:14:34.747667',3);
INSERT INTO contacts VALUES(16,'Srta. Breno das Neves','keiko.wilkinson@jacobi.example','2002-11-06','2024-10-05 01:14:34.753011','2024-10-05 01:14:34.753011',3);
INSERT INTO contacts VALUES(17,'Sr. Helena Bulhões','dee@stokes.test','2001-04-26','2024-10-05 01:14:34.758942','2024-10-05 01:14:34.758942',3);
INSERT INTO contacts VALUES(18,'Dr. Igor Godins','salvatore@schumm.test','1987-03-23','2024-10-05 01:14:34.764847','2024-10-05 01:14:34.764847',2);
INSERT INTO contacts VALUES(19,'Pedro Miguel Corte','leena_ledner@daugherty.test','1961-08-29','2024-10-05 01:14:34.771180','2024-10-05 01:14:34.771180',2);
INSERT INTO contacts VALUES(20,'Mirella Porteira','cornelius_gerlach@ratke-kautzer.example','1972-01-14','2024-10-05 01:14:34.781450','2024-10-05 01:14:34.781450',1);
INSERT INTO contacts VALUES(21,'Marcela Pires','markus_oberbrunner@bruen.example','1999-06-02','2024-10-05 01:14:34.785502','2024-10-05 01:14:34.785502',1);
INSERT INTO contacts VALUES(22,'Lucas Antunes','jamey_will@jast.test','1967-10-22','2024-10-05 01:14:34.789560','2024-10-05 01:14:34.789560',3);
INSERT INTO contacts VALUES(23,'Janaína Carvalheira','maxwell_kuhlman@ferry.test','1964-10-29','2024-10-05 01:14:34.793742','2024-10-05 01:14:34.793742',1);
INSERT INTO contacts VALUES(24,'Dra. Gabriela Bittencourt','marlin@fahey.test','1978-12-07','2024-10-05 01:14:34.797826','2024-10-05 01:14:34.797826',1);
INSERT INTO contacts VALUES(25,'Arthur Miguel de Sá','joslyn_hintz@schaden-collier.test','1982-06-09','2024-10-05 01:14:34.801920','2024-10-05 01:14:34.801920',3);
INSERT INTO contacts VALUES(26,'Eduardo Ferraço','jeannine@padberg.example','1974-04-28','2024-10-05 01:14:34.806015','2024-10-05 01:14:34.806015',2);
INSERT INTO contacts VALUES(27,'Sophie Figueira Neto','frances_langosh@weber-bayer.example','1975-01-02','2024-10-05 01:14:34.810219','2024-10-05 01:14:34.810219',3);
INSERT INTO contacts VALUES(28,'João Bouças','rex_heathcote@yundt.test','1973-12-16','2024-10-05 01:14:34.817449','2024-10-05 01:14:34.817449',1);
INSERT INTO contacts VALUES(29,'Heloísa Bentes','joelle_reynolds@wintheiser-effertz.test','2003-06-16','2024-10-05 01:14:34.822175','2024-10-05 01:14:34.822175',1);
INSERT INTO contacts VALUES(30,'Dra. João Miguel Pires','lester_flatley@skiles.example','1989-07-28','2024-10-05 01:14:34.826640','2024-10-05 01:14:34.826640',2);
INSERT INTO contacts VALUES(31,'Esther Xavier Filho','augustus@jacobson.test','1964-11-15','2024-10-05 01:14:34.830766','2024-10-05 01:14:34.830766',3);
INSERT INTO contacts VALUES(32,'Nathan Pereira Neto','rigoberto@treutel-stroman.example','2000-02-06','2024-10-05 01:14:34.834876','2024-10-05 01:14:34.834876',1);
INSERT INTO contacts VALUES(33,'Lara Monteira Jr.','shane@daniel.test','1989-01-14','2024-10-05 01:14:34.839412','2024-10-05 01:14:34.839412',3);
INSERT INTO contacts VALUES(34,'Janaína Duarte','corrie@oberbrunner-jakubowski.test','1968-05-14','2024-10-05 01:14:34.843464','2024-10-05 01:14:34.843464',3);
INSERT INTO contacts VALUES(35,'Emilly de Lins','everette@kuhn.example','1984-04-04','2024-10-05 01:14:34.847413','2024-10-05 01:14:34.847413',1);
INSERT INTO contacts VALUES(36,'Vitor Hugo Espinhosa Jr.','zachariah@mueller.test','1998-12-20','2024-10-05 01:14:34.851410','2024-10-05 01:14:34.851410',1);
INSERT INTO contacts VALUES(37,'Thiago Garcez Neto','alysha@yost-kuphal.example','1973-12-11','2024-10-05 01:14:34.855519','2024-10-05 01:14:34.855519',3);
INSERT INTO contacts VALUES(38,'Benício Simões','octavio.wintheiser@krajcik.example','1992-11-01','2024-10-05 01:14:34.859537','2024-10-05 01:14:34.859537',3);
INSERT INTO contacts VALUES(39,'Yuri Teixeira Neto','euna@steuber.example','1996-01-12','2024-10-05 01:14:34.863501','2024-10-05 01:14:34.863501',3);
INSERT INTO contacts VALUES(40,'Hugo Diegues','jayne@armstrong.test','1962-10-23','2024-10-05 01:14:34.867683','2024-10-05 01:14:34.867683',2);
INSERT INTO contacts VALUES(41,'Srta. Vitor Hugo Araújo','julio@rau-dietrich.example','1964-01-12','2024-10-05 01:14:34.871970','2024-10-05 01:14:34.871970',3);
INSERT INTO contacts VALUES(42,'Ofélia Novaes','milton.hoeger@shanahan-aufderhar.example','1978-05-13','2024-10-05 01:14:34.877412','2024-10-05 01:14:34.877412',3);
INSERT INTO contacts VALUES(43,'Ana Cecília Goulart Neto','fritz.larkin@sporer.test','1962-04-12','2024-10-05 01:14:34.881436','2024-10-05 01:14:34.881436',3);
INSERT INTO contacts VALUES(44,'Sr. Benjamin Vieira','wally.fadel@schulist.test','2001-12-15','2024-10-05 01:14:34.885464','2024-10-05 01:14:34.885464',3);
INSERT INTO contacts VALUES(45,'Thomas Pereira Jr.','glenn.witting@dubuque.test','1978-05-18','2024-10-05 01:14:34.889560','2024-10-05 01:14:34.889560',1);
INSERT INTO contacts VALUES(46,'Srta. Meire Pires','neda@mitchell.example','1962-11-15','2024-10-05 01:14:34.893636','2024-10-05 01:14:34.893636',1);
INSERT INTO contacts VALUES(47,'Ana Clara Matoso','elmo.kuvalis@smith.test','2001-02-04','2024-10-05 01:14:34.897697','2024-10-05 01:14:34.897697',2);
INSERT INTO contacts VALUES(48,'Esther Gomes','lasandra.aufderhar@windler.test','1981-06-19','2024-10-05 01:14:34.901769','2024-10-05 01:14:34.901769',3);
INSERT INTO contacts VALUES(49,'Davi Luca Meira','cinderella.kutch@koelpin-donnelly.example','1992-11-23','2024-10-05 01:14:34.908928','2024-10-05 01:14:34.908928',3);
INSERT INTO contacts VALUES(50,'Arthur Passarinho Neto','joe@oreilly.example','1964-12-03','2024-10-05 01:14:34.913545','2024-10-05 01:14:34.913545',1);
INSERT INTO contacts VALUES(51,'Vitória Amoreira','reuben_welch@wisozk.example','2003-07-13','2024-10-05 01:14:34.917736','2024-10-05 01:14:34.917736',2);
INSERT INTO contacts VALUES(52,'Sílvia Quarteira','rolande.quitzon@pagac-daugherty.example','1986-10-04','2024-10-05 01:14:34.922473','2024-10-05 01:14:34.922473',1);
INSERT INTO contacts VALUES(53,'Thiago Regueira','aida@jakubowski-prohaska.example','1992-10-02','2024-10-05 01:14:34.926487','2024-10-05 01:14:34.926487',3);
INSERT INTO contacts VALUES(54,'Sr. Elisa Custódio','daniella@lynch.test','1975-01-31','2024-10-05 01:14:34.930996','2024-10-05 01:14:34.930996',1);
INSERT INTO contacts VALUES(55,'Karla Chaves','kathaleen.vandervort@hoeger.test','1988-07-20','2024-10-05 01:14:34.935110','2024-10-05 01:14:34.935110',3);
INSERT INTO contacts VALUES(56,'Luana Palmeira','patrick@wuckert.example','1975-07-22','2024-10-05 01:14:34.939064','2024-10-05 01:14:34.939064',3);
INSERT INTO contacts VALUES(57,'Dr. Enrico Melo','larry_bechtelar@fadel.example','1980-01-15','2024-10-05 01:14:34.943213','2024-10-05 01:14:34.943213',3);
INSERT INTO contacts VALUES(58,'Heitor da Silveira','tenesha.gorczany@hills.test','1974-01-26','2024-10-05 01:14:34.947257','2024-10-05 01:14:34.947257',2);
INSERT INTO contacts VALUES(59,'Roberto Grotas','yolonda.prosacco@schulist-kerluke.example','1976-06-09','2024-10-05 01:14:34.951398','2024-10-05 01:14:34.951398',1);
INSERT INTO contacts VALUES(60,'Heitor Ribeiro','sterling.stroman@koepp.test','1998-10-12','2024-10-05 01:14:34.955405','2024-10-05 01:14:34.955405',1);
INSERT INTO contacts VALUES(61,'Dalila Alves Filho','boris@feeney.example','1981-06-08','2024-10-05 01:14:34.959521','2024-10-05 01:14:34.959521',3);
INSERT INTO contacts VALUES(62,'Srta. Louise Videira','virginia@king-roob.example','1998-02-15','2024-10-05 01:14:34.963562','2024-10-05 01:14:34.963562',2);
INSERT INTO contacts VALUES(63,'Fabiano Novaes Neto','delana@christiansen-nolan.test','1999-08-07','2024-10-05 01:14:34.968402','2024-10-05 01:14:34.968402',3);
INSERT INTO contacts VALUES(64,'Dra. Isabelly Rêgo','cindy_sporer@mann-cormier.example','1989-09-10','2024-10-05 01:14:34.972524','2024-10-05 01:14:34.972524',2);
INSERT INTO contacts VALUES(65,'Sra. João Pedro Corte','maxima@schneider-williamson.test','1990-08-26','2024-10-05 01:14:34.976599','2024-10-05 01:14:34.976599',3);
INSERT INTO contacts VALUES(66,'Juliana Rodrigues Filho','jeffie@hane.test','1982-08-19','2024-10-05 01:14:34.980681','2024-10-05 01:14:34.980681',1);
INSERT INTO contacts VALUES(67,'Warley Silva','fredia_moore@homenick.test','1966-12-16','2024-10-05 01:14:34.984707','2024-10-05 01:14:34.984707',1);
INSERT INTO contacts VALUES(68,'Maria Clara Ornelas','ozzie.stanton@olson.example','1982-12-04','2024-10-05 01:14:34.988731','2024-10-05 01:14:34.988731',3);
INSERT INTO contacts VALUES(69,'Lucas Gabriel de Assunção','rae_leuschke@mills-osinski.example','1977-11-22','2024-10-05 01:14:34.992707','2024-10-05 01:14:34.992707',1);
INSERT INTO contacts VALUES(70,'Djalma Teixeira','alphonso_little@kuhn.test','1988-07-16','2024-10-05 01:14:34.996721','2024-10-05 01:14:34.996721',3);
INSERT INTO contacts VALUES(71,'Luana Coutinho','rubin@ritchie.test','2006-09-02','2024-10-05 01:14:35.002786','2024-10-05 01:14:35.002786',1);
INSERT INTO contacts VALUES(72,'Clara Galego','jackson_huels@quitzon-jacobs.example','1999-09-05','2024-10-05 01:14:35.007344','2024-10-05 01:14:35.007344',2);
INSERT INTO contacts VALUES(73,'João Vitor da Fontoura','micha@lowe-renner.test','1979-02-25','2024-10-05 01:14:35.011439','2024-10-05 01:14:35.011439',2);
INSERT INTO contacts VALUES(74,'Lavínia Carvalho','margarete@zieme.example','1990-05-23','2024-10-05 01:14:35.016063','2024-10-05 01:14:35.016063',3);
INSERT INTO contacts VALUES(75,'João Siqueira','chester.bailey@reynolds-oconner.example','1961-01-22','2024-10-05 01:14:35.020106','2024-10-05 01:14:35.020106',3);
INSERT INTO contacts VALUES(76,'Dr. Antonia da Madureira','marianne@boyle.test','1995-04-01','2024-10-05 01:14:35.024608','2024-10-05 01:14:35.024608',1);
INSERT INTO contacts VALUES(77,'Dr. Matheus Aragão','ronald_walter@stanton.example','1995-04-04','2024-10-05 01:14:35.028768','2024-10-05 01:14:35.028768',1);
INSERT INTO contacts VALUES(78,'Pedro Miguel Costa','davida@mann.test','2000-07-04','2024-10-05 01:14:35.032926','2024-10-05 01:14:35.032926',2);
INSERT INTO contacts VALUES(79,'Ana Luiza Teles','gilberto.hackett@stracke-schowalter.test','1962-04-13','2024-10-05 01:14:35.036929','2024-10-05 01:14:35.036929',1);
INSERT INTO contacts VALUES(80,'Washington Pimenta','willette.hansen@torp.example','1964-03-07','2024-10-05 01:14:35.040911','2024-10-05 01:14:35.040911',1);
INSERT INTO contacts VALUES(81,'Francisca da Mota','enoch@lebsack.example','1991-09-13','2024-10-05 01:14:35.045179','2024-10-05 01:14:35.045179',3);
INSERT INTO contacts VALUES(82,'Samuel Peres','lauren@schulist.example','1997-09-09','2024-10-05 01:14:35.049162','2024-10-05 01:14:35.049162',3);
INSERT INTO contacts VALUES(83,'Ana Lívia Veles','clayton@champlin-grady.example','1975-03-24','2024-10-05 01:14:35.053322','2024-10-05 01:14:35.053322',1);
INSERT INTO contacts VALUES(84,'Dr. Elisa Almeida','georgiana.osinski@kiehn.test','1998-09-10','2024-10-05 01:14:35.057293','2024-10-05 01:14:35.057293',3);
INSERT INTO contacts VALUES(85,'Dra. Elísio Simão','lael_leffler@rath-stehr.example','2004-12-28','2024-10-05 01:14:35.062277','2024-10-05 01:14:35.062277',1);
INSERT INTO contacts VALUES(86,'Salvador Gabeira','filiberto.schumm@will.example','1994-07-06','2024-10-05 01:14:35.066373','2024-10-05 01:14:35.066373',2);
INSERT INTO contacts VALUES(87,'Davi Ludmer Marins','raymond.fadel@leuschke-legros.example','1979-12-24','2024-10-05 01:14:35.070401','2024-10-05 01:14:35.070401',1);
INSERT INTO contacts VALUES(88,'Srta. Bernardo Jaques','lance_heathcote@gislason.example','1969-08-25','2024-10-05 01:14:35.074442','2024-10-05 01:14:35.074442',2);
INSERT INTO contacts VALUES(89,'Maria Laura Ximenes Filho','earnest@shanahan.example','1984-01-22','2024-10-05 01:14:35.078427','2024-10-05 01:14:35.078427',1);
INSERT INTO contacts VALUES(90,'Roberta Almada','shana.wintheiser@hayes-nitzsche.test','1983-05-04','2024-10-05 01:14:35.082520','2024-10-05 01:14:35.082520',2);
INSERT INTO contacts VALUES(91,'Vitor Hugo Bulhões','huey_nikolaus@funk.example','1982-11-29','2024-10-05 01:14:35.086614','2024-10-05 01:14:35.086614',3);
INSERT INTO contacts VALUES(92,'Patricia Jaques','pete_labadie@yundt-dietrich.example','1966-03-02','2024-10-05 01:14:35.090647','2024-10-05 01:14:35.090647',3);
INSERT INTO contacts VALUES(93,'Cauã da Barranca','jeremiah@jones-olson.test','1977-09-07','2024-10-05 01:14:35.095882','2024-10-05 01:14:35.095882',1);
INSERT INTO contacts VALUES(94,'Davi de Lins','alease_sanford@bergstrom-cummings.example','1965-12-29','2024-10-05 01:14:35.100479','2024-10-05 01:14:35.100479',1);
INSERT INTO contacts VALUES(95,'Pérola Guedes','shannon@stroman-farrell.test','1987-06-26','2024-10-05 01:14:35.104653','2024-10-05 01:14:35.104653',2);
INSERT INTO contacts VALUES(96,'Maria Isis Albuquerque','roscoe.windler@nader.test','2005-01-31','2024-10-05 01:14:35.109361','2024-10-05 01:14:35.109361',1);
INSERT INTO contacts VALUES(97,'Oliver dos Reis','ferdinand.kemmer@okuneva-dickinson.test','1982-10-08','2024-10-05 01:14:35.113312','2024-10-05 01:14:35.113312',1);
INSERT INTO contacts VALUES(98,'Benjamin da Conceição','donte@ebert.example','1997-08-20','2024-10-05 01:14:35.117899','2024-10-05 01:14:35.117899',3);
INSERT INTO contacts VALUES(99,'Arthur Ribeira','harlan_moore@lehner.example','1978-02-17','2024-10-05 01:14:35.121938','2024-10-05 01:14:35.121938',3);
INSERT INTO contacts VALUES(100,'Arthur Barbosa','tamar@bradtke-johns.test','1988-02-01','2024-10-05 01:14:35.126077','2024-10-05 01:14:35.126077',3);
CREATE TABLE IF NOT EXISTS "phones" ("id" integer PRIMARY KEY AUTOINCREMENT NOT NULL, "number" varchar, "contact_id" integer, "created_at" datetime(6) NOT NULL, "updated_at" datetime(6) NOT NULL, CONSTRAINT "fk_rails_0c8c68a120"
FOREIGN KEY ("contact_id")
  REFERENCES "contacts" ("id")
);
INSERT INTO phones VALUES(1,'(84) 99133-7211',1,'2024-10-05 01:14:46.211465','2024-10-05 01:14:46.211465');
INSERT INTO phones VALUES(2,'(24) 97406-4532',2,'2024-10-05 01:14:46.215875','2024-10-05 01:14:46.215875');
INSERT INTO phones VALUES(3,'(24) 93715-1911',2,'2024-10-05 01:14:46.219205','2024-10-05 01:14:46.219205');
INSERT INTO phones VALUES(4,'(66) 92842-1807',2,'2024-10-05 01:14:46.222645','2024-10-05 01:14:46.222645');
INSERT INTO phones VALUES(5,'(82) 92092-8559',2,'2024-10-05 01:14:46.226108','2024-10-05 01:14:46.226108');
INSERT INTO phones VALUES(6,'(49) 99029-7587',3,'2024-10-05 01:14:46.229484','2024-10-05 01:14:46.229484');
INSERT INTO phones VALUES(7,'(88) 93161-5764',3,'2024-10-05 01:14:46.232901','2024-10-05 01:14:46.232901');
INSERT INTO phones VALUES(8,'(47) 92211-2456',3,'2024-10-05 01:14:46.236233','2024-10-05 01:14:46.236233');
INSERT INTO phones VALUES(9,'(38) 98026-8473',4,'2024-10-05 01:14:46.247307','2024-10-05 01:14:46.247307');
INSERT INTO phones VALUES(10,'(74) 94032-6756',4,'2024-10-05 01:14:46.250526','2024-10-05 01:14:46.250526');
INSERT INTO phones VALUES(11,'(17) 95432-3681',4,'2024-10-05 01:14:46.253708','2024-10-05 01:14:46.253708');
INSERT INTO phones VALUES(12,'(43) 92335-1885',5,'2024-10-05 01:14:46.259074','2024-10-05 01:14:46.259074');
INSERT INTO phones VALUES(13,'(42) 96186-8931',6,'2024-10-05 01:14:46.263728','2024-10-05 01:14:46.263728');
INSERT INTO phones VALUES(14,'(31) 97800-2719',6,'2024-10-05 01:14:46.268954','2024-10-05 01:14:46.268954');
INSERT INTO phones VALUES(15,'(69) 92785-7136',7,'2024-10-05 01:14:46.272956','2024-10-05 01:14:46.272956');
INSERT INTO phones VALUES(16,'(54) 91035-4898',7,'2024-10-05 01:14:46.277786','2024-10-05 01:14:46.277786');
INSERT INTO phones VALUES(17,'(27) 93020-2902',8,'2024-10-05 01:14:46.282031','2024-10-05 01:14:46.282031');
INSERT INTO phones VALUES(18,'(97) 91869-2754',9,'2024-10-05 01:14:46.286579','2024-10-05 01:14:46.286579');
INSERT INTO phones VALUES(19,'(46) 95092-9244',9,'2024-10-05 01:14:46.290185','2024-10-05 01:14:46.290185');
INSERT INTO phones VALUES(20,'(51) 91796-9424',11,'2024-10-05 01:14:46.293804','2024-10-05 01:14:46.293804');
INSERT INTO phones VALUES(21,'(45) 93289-5336',11,'2024-10-05 01:14:46.296947','2024-10-05 01:14:46.296947');
INSERT INTO phones VALUES(22,'(11) 94186-1326',11,'2024-10-05 01:14:46.300125','2024-10-05 01:14:46.300125');
INSERT INTO phones VALUES(23,'(82) 97800-2040',12,'2024-10-05 01:14:46.303378','2024-10-05 01:14:46.303378');
INSERT INTO phones VALUES(24,'(16) 99604-3562',13,'2024-10-05 01:14:46.306583','2024-10-05 01:14:46.306583');
INSERT INTO phones VALUES(25,'(47) 93605-4722',13,'2024-10-05 01:14:46.309737','2024-10-05 01:14:46.309737');
INSERT INTO phones VALUES(26,'(46) 94954-8958',14,'2024-10-05 01:14:46.312968','2024-10-05 01:14:46.312968');
INSERT INTO phones VALUES(27,'(86) 92962-4793',16,'2024-10-05 01:14:46.316256','2024-10-05 01:14:46.316256');
INSERT INTO phones VALUES(28,'(62) 98217-8620',16,'2024-10-05 01:14:46.319498','2024-10-05 01:14:46.319498');
INSERT INTO phones VALUES(29,'(68) 91846-3287',16,'2024-10-05 01:14:46.322859','2024-10-05 01:14:46.322859');
INSERT INTO phones VALUES(30,'(38) 98315-1714',17,'2024-10-05 01:14:46.326089','2024-10-05 01:14:46.326089');
INSERT INTO phones VALUES(31,'(67) 96649-8636',17,'2024-10-05 01:14:46.329366','2024-10-05 01:14:46.329366');
INSERT INTO phones VALUES(32,'(92) 98717-5793',17,'2024-10-05 01:14:46.332513','2024-10-05 01:14:46.332513');
INSERT INTO phones VALUES(33,'(91) 91139-4120',19,'2024-10-05 01:14:46.335890','2024-10-05 01:14:46.335890');
INSERT INTO phones VALUES(34,'(94) 93075-4674',20,'2024-10-05 01:14:46.339314','2024-10-05 01:14:46.339314');
INSERT INTO phones VALUES(35,'(51) 92441-1198',20,'2024-10-05 01:14:46.342575','2024-10-05 01:14:46.342575');
INSERT INTO phones VALUES(36,'(24) 94052-3842',20,'2024-10-05 01:14:46.345811','2024-10-05 01:14:46.345811');
INSERT INTO phones VALUES(37,'(28) 98670-6979',21,'2024-10-05 01:14:46.353704','2024-10-05 01:14:46.353704');
INSERT INTO phones VALUES(38,'(19) 91903-4859',21,'2024-10-05 01:14:46.357106','2024-10-05 01:14:46.357106');
INSERT INTO phones VALUES(39,'(28) 93734-8256',22,'2024-10-05 01:14:46.360473','2024-10-05 01:14:46.360473');
INSERT INTO phones VALUES(40,'(61) 96367-4366',23,'2024-10-05 01:14:46.364310','2024-10-05 01:14:46.364310');
INSERT INTO phones VALUES(41,'(92) 91946-4984',23,'2024-10-05 01:14:46.367628','2024-10-05 01:14:46.367628');
INSERT INTO phones VALUES(42,'(65) 94532-2426',24,'2024-10-05 01:14:46.370746','2024-10-05 01:14:46.370746');
INSERT INTO phones VALUES(43,'(63) 94662-1917',24,'2024-10-05 01:14:46.373921','2024-10-05 01:14:46.373921');
INSERT INTO phones VALUES(44,'(61) 98953-7372',25,'2024-10-05 01:14:46.377756','2024-10-05 01:14:46.377756');
INSERT INTO phones VALUES(45,'(77) 92784-4304',25,'2024-10-05 01:14:46.380923','2024-10-05 01:14:46.380923');
INSERT INTO phones VALUES(46,'(38) 93951-6653',25,'2024-10-05 01:14:46.384085','2024-10-05 01:14:46.384085');
INSERT INTO phones VALUES(47,'(14) 94767-8030',25,'2024-10-05 01:14:46.387711','2024-10-05 01:14:46.387711');
INSERT INTO phones VALUES(48,'(93) 93020-4809',26,'2024-10-05 01:14:46.390994','2024-10-05 01:14:46.390994');
INSERT INTO phones VALUES(49,'(99) 95185-8269',26,'2024-10-05 01:14:46.394209','2024-10-05 01:14:46.394209');
INSERT INTO phones VALUES(50,'(62) 98368-1095',26,'2024-10-05 01:14:46.397408','2024-10-05 01:14:46.397408');
INSERT INTO phones VALUES(51,'(51) 98657-1727',29,'2024-10-05 01:14:46.400534','2024-10-05 01:14:46.400534');
INSERT INTO phones VALUES(52,'(37) 92155-8356',29,'2024-10-05 01:14:46.403632','2024-10-05 01:14:46.403632');
INSERT INTO phones VALUES(53,'(92) 92622-8437',29,'2024-10-05 01:14:46.406908','2024-10-05 01:14:46.406908');
INSERT INTO phones VALUES(54,'(98) 98324-5048',30,'2024-10-05 01:14:46.410175','2024-10-05 01:14:46.410175');
INSERT INTO phones VALUES(55,'(51) 92667-8015',30,'2024-10-05 01:14:46.414695','2024-10-05 01:14:46.414695');
INSERT INTO phones VALUES(56,'(47) 93875-7270',31,'2024-10-05 01:14:46.417855','2024-10-05 01:14:46.417855');
INSERT INTO phones VALUES(57,'(93) 93279-4571',31,'2024-10-05 01:14:46.421026','2024-10-05 01:14:46.421026');
INSERT INTO phones VALUES(58,'(17) 95832-7308',31,'2024-10-05 01:14:46.424147','2024-10-05 01:14:46.424147');
INSERT INTO phones VALUES(59,'(33) 97549-5407',32,'2024-10-05 01:14:46.427338','2024-10-05 01:14:46.427338');
INSERT INTO phones VALUES(60,'(12) 91773-6414',32,'2024-10-05 01:14:46.430668','2024-10-05 01:14:46.430668');
INSERT INTO phones VALUES(61,'(92) 92225-1560',33,'2024-10-05 01:14:46.433912','2024-10-05 01:14:46.433912');
INSERT INTO phones VALUES(62,'(75) 95817-2040',33,'2024-10-05 01:14:46.437136','2024-10-05 01:14:46.437136');
INSERT INTO phones VALUES(63,'(62) 96587-3646',33,'2024-10-05 01:14:46.440269','2024-10-05 01:14:46.440269');
INSERT INTO phones VALUES(64,'(77) 98386-6287',34,'2024-10-05 01:14:46.443445','2024-10-05 01:14:46.443445');
INSERT INTO phones VALUES(65,'(48) 93686-8011',34,'2024-10-05 01:14:46.446538','2024-10-05 01:14:46.446538');
INSERT INTO phones VALUES(66,'(19) 99301-3468',34,'2024-10-05 01:14:46.453959','2024-10-05 01:14:46.453959');
INSERT INTO phones VALUES(67,'(89) 98626-3512',35,'2024-10-05 01:14:46.457187','2024-10-05 01:14:46.457187');
INSERT INTO phones VALUES(68,'(45) 97668-1795',37,'2024-10-05 01:14:46.460354','2024-10-05 01:14:46.460354');
INSERT INTO phones VALUES(69,'(94) 92482-4893',37,'2024-10-05 01:14:46.464296','2024-10-05 01:14:46.464296');
INSERT INTO phones VALUES(70,'(55) 96054-5739',37,'2024-10-05 01:14:46.467433','2024-10-05 01:14:46.467433');
INSERT INTO phones VALUES(71,'(42) 97797-3387',38,'2024-10-05 01:14:46.470616','2024-10-05 01:14:46.470616');
INSERT INTO phones VALUES(72,'(31) 92410-6613',38,'2024-10-05 01:14:46.474534','2024-10-05 01:14:46.474534');
INSERT INTO phones VALUES(73,'(53) 91033-6489',38,'2024-10-05 01:14:46.477812','2024-10-05 01:14:46.477812');
INSERT INTO phones VALUES(74,'(91) 93463-8720',39,'2024-10-05 01:14:46.481089','2024-10-05 01:14:46.481089');
INSERT INTO phones VALUES(75,'(48) 94931-2671',40,'2024-10-05 01:14:46.484312','2024-10-05 01:14:46.484312');
INSERT INTO phones VALUES(76,'(35) 98561-4337',40,'2024-10-05 01:14:46.488122','2024-10-05 01:14:46.488122');
INSERT INTO phones VALUES(77,'(91) 97252-2152',41,'2024-10-05 01:14:46.491342','2024-10-05 01:14:46.491342');
INSERT INTO phones VALUES(78,'(38) 95854-7002',41,'2024-10-05 01:14:46.494457','2024-10-05 01:14:46.494457');
INSERT INTO phones VALUES(79,'(41) 92216-3833',42,'2024-10-05 01:14:46.497760','2024-10-05 01:14:46.497760');
INSERT INTO phones VALUES(80,'(63) 93992-8552',42,'2024-10-05 01:14:46.500941','2024-10-05 01:14:46.500941');
INSERT INTO phones VALUES(81,'(17) 97152-4411',42,'2024-10-05 01:14:46.504087','2024-10-05 01:14:46.504087');
INSERT INTO phones VALUES(82,'(94) 96164-7937',43,'2024-10-05 01:14:46.507492','2024-10-05 01:14:46.507492');
INSERT INTO phones VALUES(83,'(22) 96092-8446',43,'2024-10-05 01:14:46.511375','2024-10-05 01:14:46.511375');
INSERT INTO phones VALUES(84,'(85) 92450-5731',44,'2024-10-05 01:14:46.514498','2024-10-05 01:14:46.514498');
INSERT INTO phones VALUES(85,'(42) 93741-2933',44,'2024-10-05 01:14:46.517588','2024-10-05 01:14:46.517588');
INSERT INTO phones VALUES(86,'(92) 92332-9725',44,'2024-10-05 01:14:46.520667','2024-10-05 01:14:46.520667');
INSERT INTO phones VALUES(87,'(21) 98968-3157',44,'2024-10-05 01:14:46.523817','2024-10-05 01:14:46.523817');
INSERT INTO phones VALUES(88,'(11) 98859-7468',45,'2024-10-05 01:14:46.527066','2024-10-05 01:14:46.527066');
INSERT INTO phones VALUES(89,'(14) 93934-2566',45,'2024-10-05 01:14:46.530236','2024-10-05 01:14:46.530236');
INSERT INTO phones VALUES(90,'(42) 93344-2367',46,'2024-10-05 01:14:46.533411','2024-10-05 01:14:46.533411');
INSERT INTO phones VALUES(91,'(18) 91417-9870',46,'2024-10-05 01:14:46.536512','2024-10-05 01:14:46.536512');
INSERT INTO phones VALUES(92,'(27) 97786-9483',46,'2024-10-05 01:14:46.539601','2024-10-05 01:14:46.539601');
INSERT INTO phones VALUES(93,'(61) 95556-5764',47,'2024-10-05 01:14:46.542705','2024-10-05 01:14:46.542705');
INSERT INTO phones VALUES(94,'(97) 91240-9205',48,'2024-10-05 01:14:46.549277','2024-10-05 01:14:46.549277');
INSERT INTO phones VALUES(95,'(89) 91452-2472',48,'2024-10-05 01:14:46.552423','2024-10-05 01:14:46.552423');
INSERT INTO phones VALUES(96,'(46) 96150-8537',49,'2024-10-05 01:14:46.555570','2024-10-05 01:14:46.555570');
INSERT INTO phones VALUES(97,'(85) 96739-5728',49,'2024-10-05 01:14:46.559403','2024-10-05 01:14:46.559403');
INSERT INTO phones VALUES(98,'(96) 95016-7871',50,'2024-10-05 01:14:46.562592','2024-10-05 01:14:46.562592');
INSERT INTO phones VALUES(99,'(17) 91357-4259',51,'2024-10-05 01:14:46.565773','2024-10-05 01:14:46.565773');
INSERT INTO phones VALUES(100,'(28) 91599-4689',51,'2024-10-05 01:14:46.569627','2024-10-05 01:14:46.569627');
INSERT INTO phones VALUES(101,'(21) 97176-1690',51,'2024-10-05 01:14:46.572973','2024-10-05 01:14:46.572973');
INSERT INTO phones VALUES(102,'(96) 97724-7656',52,'2024-10-05 01:14:46.576147','2024-10-05 01:14:46.576147');
INSERT INTO phones VALUES(103,'(22) 91977-3814',52,'2024-10-05 01:14:46.579315','2024-10-05 01:14:46.579315');
INSERT INTO phones VALUES(104,'(63) 97664-7354',53,'2024-10-05 01:14:46.583119','2024-10-05 01:14:46.583119');
INSERT INTO phones VALUES(105,'(66) 99863-1756',53,'2024-10-05 01:14:46.586288','2024-10-05 01:14:46.586288');
INSERT INTO phones VALUES(106,'(34) 96369-6943',53,'2024-10-05 01:14:46.589472','2024-10-05 01:14:46.589472');
INSERT INTO phones VALUES(107,'(75) 98557-6379',53,'2024-10-05 01:14:46.592770','2024-10-05 01:14:46.592770');
INSERT INTO phones VALUES(108,'(43) 94369-7483',54,'2024-10-05 01:14:46.596000','2024-10-05 01:14:46.596000');
INSERT INTO phones VALUES(109,'(16) 98632-3326',55,'2024-10-05 01:14:46.599180','2024-10-05 01:14:46.599180');
INSERT INTO phones VALUES(110,'(81) 93140-2743',55,'2024-10-05 01:14:46.602459','2024-10-05 01:14:46.602459');
INSERT INTO phones VALUES(111,'(33) 93853-5112',56,'2024-10-05 01:14:46.606431','2024-10-05 01:14:46.606431');
INSERT INTO phones VALUES(112,'(95) 97371-1703',57,'2024-10-05 01:14:46.609605','2024-10-05 01:14:46.609605');
INSERT INTO phones VALUES(113,'(99) 97205-7779',58,'2024-10-05 01:14:46.612734','2024-10-05 01:14:46.612734');
INSERT INTO phones VALUES(114,'(42) 92679-9000',59,'2024-10-05 01:14:46.615922','2024-10-05 01:14:46.615922');
INSERT INTO phones VALUES(115,'(44) 93671-7980',59,'2024-10-05 01:14:46.619100','2024-10-05 01:14:46.619100');
INSERT INTO phones VALUES(116,'(94) 98135-5108',61,'2024-10-05 01:14:46.622313','2024-10-05 01:14:46.622313');
INSERT INTO phones VALUES(117,'(88) 97989-4620',61,'2024-10-05 01:14:46.625559','2024-10-05 01:14:46.625559');
INSERT INTO phones VALUES(118,'(62) 97561-7285',61,'2024-10-05 01:14:46.628733','2024-10-05 01:14:46.628733');
INSERT INTO phones VALUES(119,'(88) 92241-1275',61,'2024-10-05 01:14:46.631959','2024-10-05 01:14:46.631959');
INSERT INTO phones VALUES(120,'(38) 96614-3622',62,'2024-10-05 01:14:46.635251','2024-10-05 01:14:46.635251');
INSERT INTO phones VALUES(121,'(43) 99561-9364',62,'2024-10-05 01:14:46.638454','2024-10-05 01:14:46.638454');
INSERT INTO phones VALUES(122,'(94) 94037-6236',62,'2024-10-05 01:14:46.643845','2024-10-05 01:14:46.643845');
INSERT INTO phones VALUES(123,'(54) 94564-1682',63,'2024-10-05 01:14:46.647051','2024-10-05 01:14:46.647051');
INSERT INTO phones VALUES(124,'(48) 99764-2999',63,'2024-10-05 01:14:46.650231','2024-10-05 01:14:46.650231');
INSERT INTO phones VALUES(125,'(33) 92801-4357',63,'2024-10-05 01:14:46.654308','2024-10-05 01:14:46.654308');
INSERT INTO phones VALUES(126,'(43) 96340-1548',64,'2024-10-05 01:14:46.657486','2024-10-05 01:14:46.657486');
INSERT INTO phones VALUES(127,'(35) 95469-1202',65,'2024-10-05 01:14:46.660699','2024-10-05 01:14:46.660699');
INSERT INTO phones VALUES(128,'(16) 95763-5322',65,'2024-10-05 01:14:46.664744','2024-10-05 01:14:46.664744');
INSERT INTO phones VALUES(129,'(61) 91233-8365',65,'2024-10-05 01:14:46.667984','2024-10-05 01:14:46.667984');
INSERT INTO phones VALUES(130,'(18) 98413-1201',66,'2024-10-05 01:14:46.671160','2024-10-05 01:14:46.671160');
INSERT INTO phones VALUES(131,'(45) 93300-7075',66,'2024-10-05 01:14:46.674834','2024-10-05 01:14:46.674834');
INSERT INTO phones VALUES(132,'(51) 92823-6508',69,'2024-10-05 01:14:46.678147','2024-10-05 01:14:46.678147');
INSERT INTO phones VALUES(133,'(73) 94951-7284',69,'2024-10-05 01:14:46.681366','2024-10-05 01:14:46.681366');
INSERT INTO phones VALUES(134,'(83) 99642-9469',70,'2024-10-05 01:14:46.684505','2024-10-05 01:14:46.684505');
INSERT INTO phones VALUES(135,'(83) 93687-2796',71,'2024-10-05 01:14:46.687909','2024-10-05 01:14:46.687909');
INSERT INTO phones VALUES(136,'(32) 95255-1845',71,'2024-10-05 01:14:46.691057','2024-10-05 01:14:46.691057');
INSERT INTO phones VALUES(137,'(89) 97013-1239',71,'2024-10-05 01:14:46.694255','2024-10-05 01:14:46.694255');
INSERT INTO phones VALUES(138,'(35) 96380-6755',71,'2024-10-05 01:14:46.697561','2024-10-05 01:14:46.697561');
INSERT INTO phones VALUES(139,'(55) 94230-9452',72,'2024-10-05 01:14:46.701435','2024-10-05 01:14:46.701435');
INSERT INTO phones VALUES(140,'(49) 91435-3901',72,'2024-10-05 01:14:46.704546','2024-10-05 01:14:46.704546');
INSERT INTO phones VALUES(141,'(87) 95916-9837',72,'2024-10-05 01:14:46.707626','2024-10-05 01:14:46.707626');
INSERT INTO phones VALUES(142,'(27) 93381-2421',72,'2024-10-05 01:14:46.710712','2024-10-05 01:14:46.710712');
INSERT INTO phones VALUES(143,'(65) 99850-8754',74,'2024-10-05 01:14:46.713945','2024-10-05 01:14:46.713945');
INSERT INTO phones VALUES(144,'(69) 91405-6486',74,'2024-10-05 01:14:46.717133','2024-10-05 01:14:46.717133');
INSERT INTO phones VALUES(145,'(94) 92583-7590',75,'2024-10-05 01:14:46.720343','2024-10-05 01:14:46.720343');
INSERT INTO phones VALUES(146,'(79) 94777-5546',76,'2024-10-05 01:14:46.723457','2024-10-05 01:14:46.723457');
INSERT INTO phones VALUES(147,'(33) 98122-6234',77,'2024-10-05 01:14:46.726547','2024-10-05 01:14:46.726547');
INSERT INTO phones VALUES(148,'(62) 92491-5556',77,'2024-10-05 01:14:46.729629','2024-10-05 01:14:46.729629');
INSERT INTO phones VALUES(149,'(28) 91647-7221',78,'2024-10-05 01:14:46.734424','2024-10-05 01:14:46.734424');
INSERT INTO phones VALUES(150,'(27) 91994-5813',78,'2024-10-05 01:14:46.737572','2024-10-05 01:14:46.737572');
INSERT INTO phones VALUES(151,'(96) 98192-3270',78,'2024-10-05 01:14:46.740711','2024-10-05 01:14:46.740711');
INSERT INTO phones VALUES(152,'(46) 98487-5161',79,'2024-10-05 01:14:46.744621','2024-10-05 01:14:46.744621');
INSERT INTO phones VALUES(153,'(98) 93962-7662',79,'2024-10-05 01:14:46.747705','2024-10-05 01:14:46.747705');
INSERT INTO phones VALUES(154,'(27) 98308-7497',81,'2024-10-05 01:14:46.750904','2024-10-05 01:14:46.750904');
INSERT INTO phones VALUES(155,'(79) 91647-4854',81,'2024-10-05 01:14:46.754702','2024-10-05 01:14:46.754702');
INSERT INTO phones VALUES(156,'(17) 95783-7787',83,'2024-10-05 01:14:46.757888','2024-10-05 01:14:46.757888');
INSERT INTO phones VALUES(157,'(46) 99233-5837',83,'2024-10-05 01:14:46.761121','2024-10-05 01:14:46.761121');
INSERT INTO phones VALUES(158,'(42) 97232-9058',83,'2024-10-05 01:14:46.764671','2024-10-05 01:14:46.764671');
INSERT INTO phones VALUES(159,'(34) 98308-6649',83,'2024-10-05 01:14:46.767956','2024-10-05 01:14:46.767956');
INSERT INTO phones VALUES(160,'(43) 95539-1919',84,'2024-10-05 01:14:46.771165','2024-10-05 01:14:46.771165');
INSERT INTO phones VALUES(161,'(42) 94381-3817',85,'2024-10-05 01:14:46.774551','2024-10-05 01:14:46.774551');
INSERT INTO phones VALUES(162,'(88) 91034-3029',86,'2024-10-05 01:14:46.777748','2024-10-05 01:14:46.777748');
INSERT INTO phones VALUES(163,'(73) 95376-2729',86,'2024-10-05 01:14:46.780913','2024-10-05 01:14:46.780913');
INSERT INTO phones VALUES(164,'(91) 98062-7061',86,'2024-10-05 01:14:46.784054','2024-10-05 01:14:46.784054');
INSERT INTO phones VALUES(165,'(27) 94635-7091',86,'2024-10-05 01:14:46.787365','2024-10-05 01:14:46.787365');
INSERT INTO phones VALUES(166,'(62) 92344-5630',87,'2024-10-05 01:14:46.791191','2024-10-05 01:14:46.791191');
INSERT INTO phones VALUES(167,'(24) 94803-3545',88,'2024-10-05 01:14:46.794483','2024-10-05 01:14:46.794483');
INSERT INTO phones VALUES(168,'(75) 91563-8413',88,'2024-10-05 01:14:46.797641','2024-10-05 01:14:46.797641');
INSERT INTO phones VALUES(169,'(65) 99135-5667',88,'2024-10-05 01:14:46.800797','2024-10-05 01:14:46.800797');
INSERT INTO phones VALUES(170,'(14) 94830-9306',89,'2024-10-05 01:14:46.803954','2024-10-05 01:14:46.803954');
INSERT INTO phones VALUES(171,'(43) 93156-3551',89,'2024-10-05 01:14:46.807091','2024-10-05 01:14:46.807091');
INSERT INTO phones VALUES(172,'(77) 95537-4499',89,'2024-10-05 01:14:46.810261','2024-10-05 01:14:46.810261');
INSERT INTO phones VALUES(173,'(31) 93419-3472',89,'2024-10-05 01:14:46.813426','2024-10-05 01:14:46.813426');
INSERT INTO phones VALUES(174,'(99) 93013-6271',92,'2024-10-05 01:14:46.816624','2024-10-05 01:14:46.816624');
INSERT INTO phones VALUES(175,'(22) 94037-6582',92,'2024-10-05 01:14:46.821274','2024-10-05 01:14:46.821274');
INSERT INTO phones VALUES(176,'(77) 95304-3736',94,'2024-10-05 01:14:46.824406','2024-10-05 01:14:46.824406');
INSERT INTO phones VALUES(177,'(94) 97181-7420',94,'2024-10-05 01:14:46.827492','2024-10-05 01:14:46.827492');
INSERT INTO phones VALUES(178,'(43) 93258-6216',94,'2024-10-05 01:14:46.831364','2024-10-05 01:14:46.831364');
INSERT INTO phones VALUES(179,'(79) 93593-2299',95,'2024-10-05 01:14:46.834559','2024-10-05 01:14:46.834559');
INSERT INTO phones VALUES(180,'(33) 94381-9398',95,'2024-10-05 01:14:46.837677','2024-10-05 01:14:46.837677');
INSERT INTO phones VALUES(181,'(83) 98587-6527',95,'2024-10-05 01:14:46.841343','2024-10-05 01:14:46.841343');
INSERT INTO phones VALUES(182,'(65) 96163-4683',95,'2024-10-05 01:14:46.844507','2024-10-05 01:14:46.844507');
INSERT INTO phones VALUES(183,'(61) 98317-3853',96,'2024-10-05 01:14:46.847660','2024-10-05 01:14:46.847660');
INSERT INTO phones VALUES(184,'(49) 95384-6865',96,'2024-10-05 01:14:46.851210','2024-10-05 01:14:46.851210');
INSERT INTO phones VALUES(185,'(87) 96316-8141',96,'2024-10-05 01:14:46.854530','2024-10-05 01:14:46.854530');
INSERT INTO phones VALUES(186,'(34) 91055-7752',96,'2024-10-05 01:14:46.857647','2024-10-05 01:14:46.857647');
INSERT INTO phones VALUES(187,'(46) 93947-2354',97,'2024-10-05 01:14:46.861008','2024-10-05 01:14:46.861008');
INSERT INTO phones VALUES(188,'(21) 96613-9902',97,'2024-10-05 01:14:46.864155','2024-10-05 01:14:46.864155');
INSERT INTO phones VALUES(189,'(19) 92901-7642',97,'2024-10-05 01:14:46.867294','2024-10-05 01:14:46.867294');
INSERT INTO phones VALUES(190,'(73) 93763-2642',99,'2024-10-05 01:14:46.870482','2024-10-05 01:14:46.870482');
INSERT INTO phones VALUES(191,'(73) 94446-3274',99,'2024-10-05 01:14:46.874277','2024-10-05 01:14:46.874277');
INSERT INTO phones VALUES(192,'(92) 98651-9629',100,'2024-10-05 01:14:46.877384','2024-10-05 01:14:46.877384');
INSERT INTO phones VALUES(193,'(71) 99606-5803',100,'2024-10-05 01:14:46.880458','2024-10-05 01:14:46.880458');
INSERT INTO phones VALUES(194,'(19) 93531-6428',100,'2024-10-05 01:14:46.883547','2024-10-05 01:14:46.883547');
CREATE TABLE IF NOT EXISTS "addresses" ("id" integer PRIMARY KEY AUTOINCREMENT NOT NULL, "street" varchar, "city" varchar, "contact_id" integer, "created_at" datetime(6) NOT NULL, "updated_at" datetime(6) NOT NULL, CONSTRAINT "fk_rails_67e9674de3"
FOREIGN KEY ("contact_id")
  REFERENCES "contacts" ("id")
);
INSERT INTO addresses VALUES(1,'702 Alameda Luiz Felipe','Laranjal do Jari',1,'2024-10-05 01:14:56.154382','2024-10-05 01:14:56.154382');
INSERT INTO addresses VALUES(2,'7269 Rodovia Laura','General Câmara',2,'2024-10-05 01:14:56.158132','2024-10-05 01:14:56.158132');
INSERT INTO addresses VALUES(3,'2579 Rua Carlos','Condado',3,'2024-10-05 01:14:56.160994','2024-10-05 01:14:56.160994');
INSERT INTO addresses VALUES(4,'82007 Viela Gúbio','Ocauçu',4,'2024-10-05 01:14:56.163919','2024-10-05 01:14:56.163919');
INSERT INTO addresses VALUES(5,'s/n Viela João Samuel','Garça',5,'2024-10-05 01:14:56.166761','2024-10-05 01:14:56.166761');
INSERT INTO addresses VALUES(6,'49678 Marginal Aurora da Madureira','Faxinalzinho',6,'2024-10-05 01:14:56.169679','2024-10-05 01:14:56.169679');
INSERT INTO addresses VALUES(7,'5644 Viela Ana Beatriz','Maracaçumé',7,'2024-10-05 01:14:56.172556','2024-10-05 01:14:56.172556');
INSERT INTO addresses VALUES(8,'713 Rua Júlio','Governador Edison Lobão',8,'2024-10-05 01:14:56.175275','2024-10-05 01:14:56.175275');
INSERT INTO addresses VALUES(9,'22651 Alameda Larissa Pimenta','Dourado',9,'2024-10-05 01:14:56.178053','2024-10-05 01:14:56.178053');
INSERT INTO addresses VALUES(10,'1297 Rodovia Yasmin','Crateús',10,'2024-10-05 01:14:56.186376','2024-10-05 01:14:56.186376');
INSERT INTO addresses VALUES(11,'530 Travessa Emanuelly','São Raimundo do Doca Bezerra',11,'2024-10-05 01:14:56.189002','2024-10-05 01:14:56.189002');
INSERT INTO addresses VALUES(12,'841 Marginal Sophie Henriques','Taquaraçu de Minas',12,'2024-10-05 01:14:56.191675','2024-10-05 01:14:56.191675');
INSERT INTO addresses VALUES(13,'64643 Rodovia Carolina','Iporã',13,'2024-10-05 01:14:56.196347','2024-10-05 01:14:56.196347');
INSERT INTO addresses VALUES(14,'1538 Avenida Joana Pimenta','Formigueiro',14,'2024-10-05 01:14:56.199054','2024-10-05 01:14:56.199054');
INSERT INTO addresses VALUES(15,'41973 Avenida Sara','Guapimirim',15,'2024-10-05 01:14:56.201725','2024-10-05 01:14:56.201725');
INSERT INTO addresses VALUES(16,'71558 Marginal Carlos Eduardo Ramires','Baía Formosa',16,'2024-10-05 01:14:56.205839','2024-10-05 01:14:56.205839');
INSERT INTO addresses VALUES(17,'97844 Viela Lorenzo Moreira','Nossa Senhora das Graças',17,'2024-10-05 01:14:56.209978','2024-10-05 01:14:56.209978');
INSERT INTO addresses VALUES(18,'8439 Marginal Cecília Siqueiro','Manicoré',18,'2024-10-05 01:14:56.213386','2024-10-05 01:14:56.213386');
INSERT INTO addresses VALUES(19,'s/n Marginal Raul','Iramaia',19,'2024-10-05 01:14:56.217608','2024-10-05 01:14:56.217608');
INSERT INTO addresses VALUES(20,'8522 Rua Ígor Longuinho','Ilha Grande',20,'2024-10-05 01:14:56.221040','2024-10-05 01:14:56.221040');
INSERT INTO addresses VALUES(21,'7073 Avenida Mércia da Luz','Ribeirão Pires',21,'2024-10-05 01:14:56.224356','2024-10-05 01:14:56.224356');
INSERT INTO addresses VALUES(22,'s/n Travessa Dalila','Jati',22,'2024-10-05 01:14:56.227710','2024-10-05 01:14:56.227710');
INSERT INTO addresses VALUES(23,'67024 Rodovia Manuela Coutinho','Santa Margarida',23,'2024-10-05 01:14:56.231755','2024-10-05 01:14:56.231755');
INSERT INTO addresses VALUES(24,'18256 Alameda Roberta Rocha','Trombas',24,'2024-10-05 01:14:56.235154','2024-10-05 01:14:56.235154');
INSERT INTO addresses VALUES(25,'3129 Viela Antonella Jesus','Santo Antônio do Jacinto',25,'2024-10-05 01:14:56.238533','2024-10-05 01:14:56.238533');
INSERT INTO addresses VALUES(26,'s/n Marginal Valentina','Uraí',26,'2024-10-05 01:14:56.242514','2024-10-05 01:14:56.242514');
INSERT INTO addresses VALUES(27,'7951 Marginal Arthur Gabriel Jesus','Cabixi',27,'2024-10-05 01:14:56.245846','2024-10-05 01:14:56.245846');
INSERT INTO addresses VALUES(28,'s/n Rodovia Cauã Costa','Novo Planalto',28,'2024-10-05 01:14:56.250509','2024-10-05 01:14:56.250509');
INSERT INTO addresses VALUES(29,'32756 Rua Sophia Meira','Tururu',29,'2024-10-05 01:14:56.253887','2024-10-05 01:14:56.253887');
INSERT INTO addresses VALUES(30,'31374 Travessa Rafaela','Barra do Chapéu',30,'2024-10-05 01:14:56.257855','2024-10-05 01:14:56.257855');
INSERT INTO addresses VALUES(31,'s/n Avenida Sílvia Aguiar','Monte Belo do Sul',31,'2024-10-05 01:14:56.261842','2024-10-05 01:14:56.261842');
INSERT INTO addresses VALUES(32,'s/n Marginal Luiza Galvão','Santana do Jacaré',32,'2024-10-05 01:14:56.265848','2024-10-05 01:14:56.265848');
INSERT INTO addresses VALUES(33,'4052 Viela Ana Clara Melo','Mucajaí',33,'2024-10-05 01:14:56.274609','2024-10-05 01:14:56.274609');
INSERT INTO addresses VALUES(34,'36309 Viela Lucas Gabriel de Borba','Riacho dos Machados',34,'2024-10-05 01:14:56.279726','2024-10-05 01:14:56.279726');
INSERT INTO addresses VALUES(35,'s/n Avenida Júlio','Jardim do Seridó',35,'2024-10-05 01:14:56.283435','2024-10-05 01:14:56.283435');
INSERT INTO addresses VALUES(36,'19451 Viela Helena Siqueira','Araquari',36,'2024-10-05 01:14:56.286118','2024-10-05 01:14:56.286118');
INSERT INTO addresses VALUES(37,'s/n Avenida Levi','São Sebastião do Umbuzeiro',37,'2024-10-05 01:14:56.288751','2024-10-05 01:14:56.288751');
INSERT INTO addresses VALUES(38,'68544 Ponte Maitê Mendanha','Doutor Pedrinho',38,'2024-10-05 01:14:56.291442','2024-10-05 01:14:56.291442');
INSERT INTO addresses VALUES(39,'2081 Avenida Danilo','Pacaembu',39,'2024-10-05 01:14:56.294205','2024-10-05 01:14:56.294205');
INSERT INTO addresses VALUES(40,'20464 Marginal Lucas da Rosa','Dourado',40,'2024-10-05 01:14:56.296921','2024-10-05 01:14:56.296921');
INSERT INTO addresses VALUES(41,'5695 Rodovia Célia','Água Clara',41,'2024-10-05 01:14:56.299573','2024-10-05 01:14:56.299573');
INSERT INTO addresses VALUES(42,'4209 Avenida Márcio Saraiva','Padre Bernardo',42,'2024-10-05 01:14:56.302268','2024-10-05 01:14:56.302268');
INSERT INTO addresses VALUES(43,'414 Ponte Manuela','São Sebastião do Rio Preto',43,'2024-10-05 01:14:56.304937','2024-10-05 01:14:56.304937');
INSERT INTO addresses VALUES(44,'48454 Viela Maria Laura Lima','Itaguaí',44,'2024-10-05 01:14:56.307714','2024-10-05 01:14:56.307714');
INSERT INTO addresses VALUES(45,'s/n Travessa José','Piacatu',45,'2024-10-05 01:14:56.313815','2024-10-05 01:14:56.313815');
INSERT INTO addresses VALUES(46,'s/n Rodovia Benício Melo','Fundão',46,'2024-10-05 01:14:56.316452','2024-10-05 01:14:56.316452');
INSERT INTO addresses VALUES(47,'s/n Marginal Pedro Henrique','Mandirituba',47,'2024-10-05 01:14:56.319037','2024-10-05 01:14:56.319037');
INSERT INTO addresses VALUES(48,'s/n Rodovia Fabiano da Bandeira','Sobral',48,'2024-10-05 01:14:56.322425','2024-10-05 01:14:56.322425');
INSERT INTO addresses VALUES(49,'51826 Travessa Enzo Gabriel','Colares',49,'2024-10-05 01:14:56.325079','2024-10-05 01:14:56.325079');
INSERT INTO addresses VALUES(50,'20229 Viela Natália','Jacareí',50,'2024-10-05 01:14:56.327692','2024-10-05 01:14:56.327692');
INSERT INTO addresses VALUES(51,'13091 Avenida Nataniel','Chapadão do Céu',51,'2024-10-05 01:14:56.330991','2024-10-05 01:14:56.330991');
INSERT INTO addresses VALUES(52,'s/n Rodovia Louise Siqueiro','Cambuí',52,'2024-10-05 01:14:56.333562','2024-10-05 01:14:56.333562');
INSERT INTO addresses VALUES(53,'165 Alameda Davi Lucca Gentil','Perdigão',53,'2024-10-05 01:14:56.336164','2024-10-05 01:14:56.336164');
INSERT INTO addresses VALUES(54,'943 Avenida Arthur Gabriel','Miracema do Tocantins',54,'2024-10-05 01:14:56.338769','2024-10-05 01:14:56.338769');
INSERT INTO addresses VALUES(55,'s/n Ponte Eduardo Pires','Normandia',55,'2024-10-05 01:14:56.341332','2024-10-05 01:14:56.341332');
INSERT INTO addresses VALUES(56,'s/n Rodovia Gúbio','Piraí do Sul',56,'2024-10-05 01:14:56.344378','2024-10-05 01:14:56.344378');
INSERT INTO addresses VALUES(57,'9692 Ponte Liz Vasques','Eliseu Martins',57,'2024-10-05 01:14:56.346996','2024-10-05 01:14:56.346996');
INSERT INTO addresses VALUES(58,'88795 Alameda Fernanda Albuquerque','Altinópolis',58,'2024-10-05 01:14:56.349571','2024-10-05 01:14:56.349571');
INSERT INTO addresses VALUES(59,'5415 Travessa Marcia Vidal','Maria Helena',59,'2024-10-05 01:14:56.352189','2024-10-05 01:14:56.352189');
INSERT INTO addresses VALUES(60,'362 Rua João Gabriel Coqueiro','Lidianópolis',60,'2024-10-05 01:14:56.354992','2024-10-05 01:14:56.354992');
INSERT INTO addresses VALUES(61,'289 Alameda Igor Saraiva','Porto Firme',61,'2024-10-05 01:14:56.357581','2024-10-05 01:14:56.357581');
INSERT INTO addresses VALUES(62,'s/n Marginal Paulo','Carneiros',62,'2024-10-05 01:14:56.360190','2024-10-05 01:14:56.360190');
INSERT INTO addresses VALUES(63,'74891 Rodovia Isabella','Jutaí',63,'2024-10-05 01:14:56.362820','2024-10-05 01:14:56.362820');
INSERT INTO addresses VALUES(64,'680 Marginal Lavínia','Presidente Tancredo Neves',64,'2024-10-05 01:14:56.365393','2024-10-05 01:14:56.365393');
INSERT INTO addresses VALUES(65,'168 Rodovia João Gabriel','Taquara',65,'2024-10-05 01:14:56.368178','2024-10-05 01:14:56.368178');
INSERT INTO addresses VALUES(66,'165 Rua Alexandre Guedes','Mariluz',66,'2024-10-05 01:14:56.370879','2024-10-05 01:14:56.370879');
INSERT INTO addresses VALUES(67,'21394 Viela Ígor da Mota','São João da Fronteira',67,'2024-10-05 01:14:56.374765','2024-10-05 01:14:56.374765');
INSERT INTO addresses VALUES(68,'4323 Ponte Oliver Caseira','Ouriçangas',68,'2024-10-05 01:14:56.377398','2024-10-05 01:14:56.377398');
INSERT INTO addresses VALUES(69,'s/n Travessa Ryan','Governador Dix-Sept Rosado',69,'2024-10-05 01:14:56.380006','2024-10-05 01:14:56.380006');
INSERT INTO addresses VALUES(70,'8503 Viela Theo','Mariápolis',70,'2024-10-05 01:14:56.382630','2024-10-05 01:14:56.382630');
INSERT INTO addresses VALUES(71,'48345 Marginal Ana Beatriz','Lebon Régis',71,'2024-10-05 01:14:56.385214','2024-10-05 01:14:56.385214');
INSERT INTO addresses VALUES(72,'3691 Rua Sophia Conceição','Antonina',72,'2024-10-05 01:14:56.387856','2024-10-05 01:14:56.387856');
INSERT INTO addresses VALUES(73,'18554 Travessa Allana Porteira','São Jerônimo',73,'2024-10-05 01:14:56.390453','2024-10-05 01:14:56.390453');
INSERT INTO addresses VALUES(74,'10550 Rodovia Catarina','Rodeiro',74,'2024-10-05 01:14:56.393042','2024-10-05 01:14:56.393042');
INSERT INTO addresses VALUES(75,'343 Viela Nicolas','Eugênio de Castro',75,'2024-10-05 01:14:56.395699','2024-10-05 01:14:56.395699');
INSERT INTO addresses VALUES(76,'36261 Travessa Ofélia','Lagoa Dourada',76,'2024-10-05 01:14:56.398284','2024-10-05 01:14:56.398284');
INSERT INTO addresses VALUES(77,'25339 Avenida José','Cachoeira Grande',77,'2024-10-05 01:14:56.400912','2024-10-05 01:14:56.400912');
INSERT INTO addresses VALUES(78,'98394 Ponte Clara','Biritiba-Mirim',78,'2024-10-05 01:14:56.403475','2024-10-05 01:14:56.403475');
INSERT INTO addresses VALUES(79,'66278 Marginal Ana Vitória','Bujaru',79,'2024-10-05 01:14:56.408861','2024-10-05 01:14:56.408861');
INSERT INTO addresses VALUES(80,'6555 Travessa Breno Custódio','Chã Grande',80,'2024-10-05 01:14:56.411472','2024-10-05 01:14:56.411472');
INSERT INTO addresses VALUES(81,'877 Travessa Bento','São José dos Campos',81,'2024-10-05 01:14:56.414144','2024-10-05 01:14:56.414144');
INSERT INTO addresses VALUES(82,'47379 Rua Davi Velasques','Rancho Alegre',82,'2024-10-05 01:14:56.417353','2024-10-05 01:14:56.417353');
INSERT INTO addresses VALUES(83,'s/n Rodovia Laís Santana','Acauã',83,'2024-10-05 01:14:56.419973','2024-10-05 01:14:56.419973');
INSERT INTO addresses VALUES(84,'s/n Rodovia Henrique Viana','Alegrete',84,'2024-10-05 01:14:56.422632','2024-10-05 01:14:56.422632');
INSERT INTO addresses VALUES(85,'81184 Rua Enzo Thiago da Penha','Santa Quitéria',85,'2024-10-05 01:14:56.425961','2024-10-05 01:14:56.425961');
INSERT INTO addresses VALUES(86,'s/n Viela Amanda','Vigia',86,'2024-10-05 01:14:56.428510','2024-10-05 01:14:56.428510');
INSERT INTO addresses VALUES(87,'911 Avenida Tiago Espinhosa','Boa Ventura',87,'2024-10-05 01:14:56.431083','2024-10-05 01:14:56.431083');
INSERT INTO addresses VALUES(88,'27898 Rua Eloah','Macaúbas',88,'2024-10-05 01:14:56.433677','2024-10-05 01:14:56.433677');
INSERT INTO addresses VALUES(89,'1161 Rodovia Ricardo Santana','Manicoré',89,'2024-10-05 01:14:56.436750','2024-10-05 01:14:56.436750');
INSERT INTO addresses VALUES(90,'96846 Alameda Ofélia','Placas',90,'2024-10-05 01:14:56.439381','2024-10-05 01:14:56.439381');
INSERT INTO addresses VALUES(91,'373 Marginal Feliciano da Penha','Serrana',91,'2024-10-05 01:14:56.441957','2024-10-05 01:14:56.441957');
INSERT INTO addresses VALUES(92,'91965 Ponte Djalma','Prado',92,'2024-10-05 01:14:56.444517','2024-10-05 01:14:56.444517');
INSERT INTO addresses VALUES(93,'4739 Marginal Heloísa','Salgueiro',93,'2024-10-05 01:14:56.447078','2024-10-05 01:14:56.447078');
INSERT INTO addresses VALUES(94,'2779 Marginal Tertuliano','Remanso',94,'2024-10-05 01:14:56.449915','2024-10-05 01:14:56.449915');
INSERT INTO addresses VALUES(95,'276 Ponte Maria Valentina','Brotas',95,'2024-10-05 01:14:56.452473','2024-10-05 01:14:56.452473');
INSERT INTO addresses VALUES(96,'5641 Rodovia Alícia','Lagoa de Pedras',96,'2024-10-05 01:14:56.455051','2024-10-05 01:14:56.455051');
INSERT INTO addresses VALUES(97,'1010 Marginal Ian','Santo Antônio do Leverger',97,'2024-10-05 01:14:56.457671','2024-10-05 01:14:56.457671');
INSERT INTO addresses VALUES(98,'151 Marginal Adriana','Lagoa d''Anta',98,'2024-10-05 01:14:56.460298','2024-10-05 01:14:56.460298');
INSERT INTO addresses VALUES(99,'35825 Ponte Lucas Gabriel','Nossa Senhora de Nazaré',99,'2024-10-05 01:14:56.462950','2024-10-05 01:14:56.462950');
INSERT INTO addresses VALUES(100,'s/n Viela Nicole','Tarrafas',100,'2024-10-05 01:14:56.465529','2024-10-05 01:14:56.465529');
DELETE FROM sqlite_sequence;
INSERT INTO sqlite_sequence VALUES('contacts',100);
INSERT INTO sqlite_sequence VALUES('kinds',4);
INSERT INTO sqlite_sequence VALUES('phones',194);
INSERT INTO sqlite_sequence VALUES('addresses',100);
CREATE INDEX "index_contacts_on_kind_id" ON "contacts" ("kind_id");
CREATE INDEX "index_phones_on_contact_id" ON "phones" ("contact_id");
CREATE INDEX "index_addresses_on_contact_id" ON "addresses" ("contact_id");
COMMIT;
